duration,causative_agent
11,Coronavirus
7,Coronavirus
17,Influenza
7,Coronavirus
8,RSV
14,Coronavirus
11,Influenza
8,Coronavirus
11,Coronavirus
2,Coronavirus
12,Coronavirus
13,Coronavirus
9,Influenza
19,Coronavirus
17,Coronavirus
10,Coronavirus
19,Metapneumovirus
13,Coronavirus
8,Unknown
9,Influenza
13,Coronavirus
17,Unknown
8,Coronavirus
6,Unknown
11,Coronavirus
15,Coronavirus
6,Coronavirus
7,Coronavirus
8,Coronavirus
8,Metapneumovirus
7,Coronavirus
12,Coronavirus
21,Coronavirus
15,RSV
14,Coronavirus
13,Coronavirus
11,Coronavirus
11,Influenza
13,Unknown
13,Coronavirus
8,Influenza
25,Coronavirus
8,Coronavirus
10,Coronavirus
7,Coronavirus
9,Coronavirus
14,Coronavirus
22,Coronavirus
9,Coronavirus
20,Influenza
6,Coronavirus
8,Coronavirus
10,Influenza
25,Coronavirus
15,Coronavirus
7,Coronavirus
24,Coronavirus
13,Coronavirus
21,Coronavirus
20,Coronavirus
7,Coronavirus
8,Coronavirus
8,Coronavirus
15,Coronavirus
12,Coronavirus
11,Coronavirus
8,Coronavirus
7,Unknown
10,Coronavirus
13,Coronavirus
12,Coronavirus
6,Coronavirus
20,Coronavirus
18,Coronavirus
18,Coronavirus
11,Coronavirus
15,Influenza
13,Influenza
11,Coronavirus
7,Coronavirus
13,Coronavirus
17,Coronavirus
11,Coronavirus
10,Coronavirus
8,Coronavirus
18,Coronavirus
8,Coronavirus
8,Coronavirus
11,Unknown
9,Influenza
10,Coronavirus
8,Coronavirus
16,Coronavirus
14,Coronavirus
14,RSV
34,Coronavirus
16,Coronavirus
8,Influenza
22,Coronavirus
6,Coronavirus
11,Coronavirus
9,Coronavirus
13,Coronavirus
10,Coronavirus
5,RSV
36,Coronavirus
24,RSV
21,Coronavirus
13,Coronavirus
6,Influenza
7,Coronavirus
9,Coronavirus
7,Coronavirus
9,Influenza
12,Coronavirus
13,Coronavirus
6,Coronavirus
12,Coronavirus
8,Coronavirus
10,Coronavirus
17,Unknown
12,Coronavirus
13,Coronavirus
16,Coronavirus
23,Coronavirus
9,Coronavirus
7,Coronavirus
7,Coronavirus
23,Coronavirus
14,Coronavirus
21,Coronavirus
8,Coronavirus
12,Coronavirus
11,Influenza
9,Coronavirus
6,Coronavirus
9,Coronavirus
12,RSV
11,Coronavirus
15,Coronavirus
8,Rhinovirus
14,Coronavirus
16,Coronavirus
15,Coronavirus
11,Coronavirus
14,Coronavirus
42,Coronavirus
5,Coronavirus
21,Unknown
8,Coronavirus
7,Coronavirus
7,Coronavirus
11,Coronavirus
11,Coronavirus
10,Coronavirus
9,Influenza
31,Coronavirus
8,Coronavirus
11,Influenza
7,Coronavirus
16,Coronavirus
14,Coronavirus
15,Coronavirus
18,Coronavirus
19,Coronavirus
12,Coronavirus
25,Coronavirus
24,Coronavirus
7,Coronavirus
8,Coronavirus
14,Coronavirus
11,Coronavirus
14,Unknown
11,Coronavirus
11,Coronavirus
18,Coronavirus
9,Coronavirus
8,RSV
6,Coronavirus
7,Coronavirus
6,Unknown
24,Coronavirus
21,Coronavirus
25,Coronavirus
22,Coronavirus
8,Coronavirus
10,Coronavirus
6,Coronavirus
7,Coronavirus
22,Coronavirus
23,Coronavirus
42,Coronavirus
10,Influenza
15,Coronavirus
7,Coronavirus
18,Coronavirus
12,Coronavirus
12,Coronavirus
11,Coronavirus
11,Coronavirus
12,Coronavirus
21,Coronavirus
8,Coronavirus
18,Coronavirus
14,Coronavirus
13,Coronavirus
15,Coronavirus
15,Coronavirus
9,Coronavirus
20,Coronavirus
10,Coronavirus
23,Coronavirus
20,Coronavirus
10,Coronavirus
28,Coronavirus
14,Coronavirus
17,Coronavirus
39,RSV
37,Coronavirus
21,Coronavirus
17,Coronavirus
18,Coronavirus
14,Unknown
11,Coronavirus
11,Coronavirus
15,Coronavirus
13,Coronavirus
9,Coronavirus
11,Coronavirus
14,Rhinovirus
8,Coronavirus
15,Unknown
22,Coronavirus
13,Coronavirus
10,Coronavirus
28,Coronavirus
17,Coronavirus
12,Coronavirus
22,Coronavirus
18,Coronavirus
7,Coronavirus
30,Coronavirus
18,Influenza
21,Coronavirus
14,Coronavirus
24,Coronavirus
16,Influenza
16,Coronavirus
8,Coronavirus
9,Coronavirus
17,Coronavirus
17,Unknown
7,Coronavirus
40,Coronavirus
8,Coronavirus
11,Coronavirus
7,Coronavirus
13,Coronavirus
12,Coronavirus
8,Unknown
10,Coronavirus
8,Coronavirus
14,Coronavirus
19,Coronavirus
8,Coronavirus
24,Coronavirus
20,Coronavirus
31,Coronavirus
20,Coronavirus
12,Coronavirus
14,Influenza
21,Coronavirus
17,Coronavirus
17,Influenza
29,Coronavirus
28,Coronavirus
31,Coronavirus
7,Coronavirus
10,Coronavirus
28,Coronavirus
18,Rhinovirus
17,Coronavirus
11,Coronavirus
13,Coronavirus
8,Coronavirus
9,Coronavirus
10,Coronavirus
8,Coronavirus
11,Coronavirus
7,Coronavirus
35,Coronavirus
8,Coronavirus
12,Coronavirus
17,Coronavirus
24,Coronavirus
6,Coronavirus
27,Coronavirus
16,Coronavirus
12,Coronavirus
35,Coronavirus
8,Coronavirus
21,Coronavirus
19,Coronavirus
5,Coronavirus
9,Influenza
8,Coronavirus
16,Coronavirus
18,Coronavirus
26,Coronavirus
13,Coronavirus
27,RSV
31,Coronavirus
5,Coronavirus
13,RSV
48,Coronavirus
11,Coronavirus
7,Coronavirus
19,Coronavirus
9,Coronavirus
7,Coronavirus
12,Coronavirus
11,Rhinovirus
9,Coronavirus
13,Coronavirus
13,Coronavirus
10,Coronavirus
4,Rhinovirus
9,Unknown
4,Coronavirus
25,Rhinovirus
21,Coronavirus
9,Coronavirus
9,Coronavirus
19,Coronavirus
10,Coronavirus
13,Coronavirus
7,Coronavirus
16,Coronavirus
11,Rhinovirus
14,Coronavirus
14,Coronavirus
6,Coronavirus
13,Coronavirus
8,Rhinovirus
24,Coronavirus
15,Coronavirus
12,Coronavirus
7,Coronavirus
7,Coronavirus
16,Rhinovirus
16,Coronavirus
17,Coronavirus
30,Coronavirus
6,Rhinovirus
21,Coronavirus
17,Rhinovirus
8,Coronavirus
12,Coronavirus
19,Rhinovirus
14,Coronavirus
9,Coronavirus
6,Coronavirus
12,Norovirus
12,Coronavirus
12,Influenza
8,Rhinovirus
29,Coronavirus
7,Coronavirus
8,Unknown
14,Coronavirus
16,Coronavirus
10,Unknown
16,Coronavirus
9,Coronavirus
8,Coronavirus
8,Unknown
8,Rhinovirus
14,Coronavirus
13,Rhinovirus
14,Coronavirus
25,Coronavirus
18,Coronavirus
18,Coronavirus
22,Coronavirus
14,Rhinovirus
14,Coronavirus
11,Coronavirus
15,Coronavirus
25,Coronavirus
17,Coronavirus
6,Coronavirus
6,Coronavirus
9,Coronavirus
16,Coronavirus
20,Rhinovirus
17,Coronavirus
8,Coronavirus
19,Influenza
10,Coronavirus
5,Coronavirus
6,Coronavirus
17,Unknown
21,Coronavirus
14,Coronavirus
8,Rhinovirus
46,Coronavirus
18,Influenza
12,Coronavirus
20,Coronavirus
14,Coronavirus
11,Coronavirus
14,Coronavirus
11,Rhinovirus
10,Coronavirus
41,Rhinovirus
17,Coronavirus
7,Coronavirus
4,Unknown
6,Coronavirus
10,Coronavirus
22,Coronavirus
7,Unknown
5,Rhinovirus
9,Coronavirus
9,Rhinovirus
23,Coronavirus
9,Coronavirus
9,Unknown
16,Coronavirus
9,Coronavirus
18,Coronavirus
32,Coronavirus
7,Coronavirus
14,Rhinovirus
3,Rhinovirus
4,Rhinovirus
11,Rhinovirus
26,Coronavirus
13,Coronavirus
27,Coronavirus
12,Coronavirus
13,Coronavirus
5,Coronavirus
24,Coronavirus
10,Coronavirus
22,Coronavirus
22,Rhinovirus
14,Coronavirus
17,Coronavirus
21,Coronavirus
24,Rhinovirus
12,Rhinovirus
29,Rhinovirus
20,Rhinovirus
13,Rhinovirus
25,Coronavirus
10,Coronavirus
15,Rhinovirus
9,Rhinovirus
16,Rhinovirus
10,Coronavirus
27,Rhinovirus
14,Coronavirus
14,Unknown
17,Coronavirus
21,Coronavirus
9,Unknown
18,Rhinovirus
31,Coronavirus
20,Rhinovirus
10,Coronavirus
31,Coronavirus
14,Coronavirus
26,Coronavirus
11,Rhinovirus
13,Coronavirus
9,Rhinovirus
13,Rhinovirus
13,Coronavirus
13,Coronavirus
8,Coronavirus
24,Rhinovirus
18,Coronavirus
11,Rhinovirus
24,Coronavirus
10,Unknown
13,Coronavirus
26,Rhinovirus
2,Coronavirus
14,Rhinovirus
16,Coronavirus
17,Rhinovirus
16,Rhinovirus
7,Coronavirus
18,Unknown
9,Unknown
10,Coronavirus
10,Coronavirus
7,Coronavirus
10,Coronavirus
10,Coronavirus
10,Rhinovirus
7,Coronavirus
7,Rhinovirus
20,Influenza
36,Influenza
26,Coronavirus
10,Rhinovirus
16,Rhinovirus
22,Rhinovirus
10,Coronavirus
9,Coronavirus
17,Rhinovirus
9,Unknown
11,Rhinovirus
15,Coronavirus
18,Coronavirus
7,Unknown
4,Unknown
10,Rhinovirus
8,Coronavirus
19,Coronavirus
20,Coronavirus
6,Unknown
22,Coronavirus
8,Metapneumovirus
9,Unknown
8,Rhinovirus
9,Coronavirus
8,Rhinovirus
13,Rhinovirus
9,Unknown
10,RSV
17,Norovirus
14,Coronavirus
8,Rhinovirus
8,Rhinovirus
14,Coronavirus
8,Unknown
21,Rhinovirus
21,Rhinovirus
23,Influenza
16,Rhinovirus
23,Rhinovirus
14,Coronavirus
13,Rhinovirus
30,Coronavirus
7,Coronavirus
12,Rhinovirus
15,Rhinovirus
22,Rhinovirus
9,Coronavirus
14,Rhinovirus
15,Coronavirus
11,Rhinovirus
16,Metapneumovirus
28,Coronavirus
41,Rhinovirus
21,Coronavirus
5,Unknown
14,Coronavirus
4,Coronavirus
7,Coronavirus
20,Influenza
21,Influenza
7,Unknown
10,Influenza
15,Coronavirus
13,Coronavirus
31,Coronavirus
10,Coronavirus
15,Rhinovirus
26,Coronavirus
27,Influenza
16,Influenza
12,Metapneumovirus
18,Rhinovirus
9,Unknown
17,Rhinovirus
11,Coronavirus
12,Coronavirus
27,Coronavirus
8,Coronavirus
7,Coronavirus
8,Unknown
8,Metapneumovirus
8,Coronavirus
12,Coronavirus
10,Influenza
7,Coronavirus
8,Rhinovirus
13,Coronavirus
11,Coronavirus
23,Influenza
10,Coronavirus
9,Unknown
6,Coronavirus
18,Coronavirus
16,Coronavirus
12,Coronavirus
21,Rhinovirus
30,Coronavirus
14,Coronavirus
10,Coronavirus
6,Coronavirus
19,Coronavirus
20,Coronavirus
14,Coronavirus
20,Influenza
43,Coronavirus
7,Unknown
11,Coronavirus
7,Rhinovirus
11,Coronavirus
10,Coronavirus
12,Coronavirus
10,Coronavirus
7,Coronavirus
20,Coronavirus
10,Coronavirus
22,Coronavirus
15,Influenza
20,Coronavirus
10,Coronavirus
7,Coronavirus
29,Coronavirus
9,Coronavirus
17,Coronavirus
7,Coronavirus
7,Coronavirus
9,Unknown
27,Coronavirus
24,Coronavirus
6,Coronavirus
22,Coronavirus
13,Norovirus
10,Coronavirus
10,Coronavirus
9,RSV
12,Metapneumovirus
8,Coronavirus
9,Coronavirus
16,Coronavirus
8,RSV
13,Coronavirus
14,Coronavirus
13,Coronavirus
38,Coronavirus
14,Coronavirus
15,Coronavirus
16,Coronavirus
10,Coronavirus
6,Metapneumovirus
14,Coronavirus
16,Coronavirus
6,Coronavirus
11,Coronavirus
23,Coronavirus
7,Coronavirus
4,Influenza
13,Coronavirus
11,RSV
28,Coronavirus
13,RSV
19,Coronavirus
43,Coronavirus
16,Metapneumovirus
22,Coronavirus
17,Coronavirus
44,Metapneumovirus
15,Coronavirus
11,RSV
9,RSV
13,Coronavirus
17,Coronavirus
17,Metapneumovirus
5,Unknown
11,Rhinovirus
8,Coronavirus
19,Streptococcus
12,Coronavirus
8,Coronavirus
7,Norovirus
5,Rhinovirus
14,Coronavirus
11,Coronavirus
9,Coronavirus
16,Coronavirus
20,Coronavirus
9,Unknown
31,Influenza
26,Coronavirus
14,Metapneumovirus
22,Coronavirus
13,Metapneumovirus
7,Coronavirus
9,Rhinovirus
10,Coronavirus
5,Coronavirus
38,Rhinovirus
9,Coronavirus
23,Rhinovirus
8,Coronavirus
16,Coronavirus
10,Coronavirus
7,Metapneumovirus
10,Coronavirus
8,Norovirus
11,Coronavirus
8,Coronavirus
16,Coronavirus
9,Coronavirus
10,Coronavirus
16,Coronavirus
13,Coronavirus
29,Influenza
18,Coronavirus
14,Coronavirus
14,Coronavirus
7,Unknown
13,Coronavirus
10,Coronavirus
7,Rhinovirus
16,Coronavirus
15,Unknown
9,Norovirus
18,Coronavirus
8,Coronavirus
21,RSV
12,RSV
13,Coronavirus
10,Metapneumovirus
12,Rhinovirus
18,Coronavirus
12,Coronavirus
14,Influenza
7,Coronavirus
20,Coronavirus
20,Coronavirus
19,Coronavirus
19,RSV
13,Coronavirus
8,Coronavirus
13,Coronavirus
8,Coronavirus
16,Coronavirus
35,CPE
8,Coronavirus
9,Metapneumovirus
10,Coronavirus
19,Coronavirus
29,Coronavirus
12,Influenza
19,Metapneumovirus
23,Coronavirus
14,Influenza
30,Coronavirus
25,Norovirus
7,Coronavirus
11,Coronavirus
13,Metapneumovirus
3,Coronavirus
22,Coronavirus
15,Coronavirus
8,Coronavirus
13,Coronavirus
4,Unknown
12,Influenza
12,Coronavirus
12,Metapneumovirus
8,Coronavirus
23,Coronavirus
10,RSV
10,Unknown
7,Unknown
16,Metapneumovirus
8,Norovirus
5,Coronavirus
11,Coronavirus
10,Unknown
12,Coronavirus
12,Coronavirus
41,Coronavirus
16,Coronavirus
8,Coronavirus
6,Unknown
15,Coronavirus
10,Coronavirus
22,Rhinovirus
23,Coronavirus
28,Coronavirus
12,Coronavirus
12,RSV
14,Coronavirus
15,Unknown
2,Coronavirus
8,Coronavirus
17,Coronavirus
15,Coronavirus
14,Coronavirus
6,Coronavirus
13,Unknown
7,Coronavirus
52,Unknown
17,RSV
6,Coronavirus
17,Metapneumovirus
10,Coronavirus
11,Coronavirus
18,Coronavirus
7,Rhinovirus
12,Coronavirus
7,Coronavirus
14,Coronavirus
12,Norovirus
10,Rhinovirus
8,Coronavirus
10,Coronavirus
14,Coronavirus
21,RSV
7,Metapneumovirus
14,Rhinovirus
7,Influenza
19,Coronavirus
6,Coronavirus
19,Coronavirus
11,Rhinovirus
9,RSV
17,Unknown
7,Coronavirus
14,Coronavirus
9,Norovirus
7,Coronavirus
9,Unknown
11,Rhinovirus
12,Coronavirus
7,Coronavirus
17,Coronavirus
12,Rhinovirus
20,Influenza
34,Coronavirus
22,Coronavirus
7,Coronavirus
11,Coronavirus
15,Norovirus
15,Influenza
22,Coronavirus
10,Coronavirus
10,Coronavirus
16,Coronavirus
15,Coronavirus
12,Coronavirus
6,Unknown
7,Unknown
13,Coronavirus
8,Coronavirus
13,Coronavirus
11,Rhinovirus
8,Coronavirus
4,Rhinovirus
20,Rhinovirus
19,Coronavirus
9,Norovirus
19,Coronavirus
8,Coronavirus
46,CPE
27,Coronavirus
6,Coronavirus
23,RSV
9,Coronavirus
13,Coronavirus
13,Coronavirus
7,RSV
36,Coronavirus
6,RSV
9,Coronavirus
8,Rhinovirus
25,Coronavirus
22,Coronavirus
25,Influenza
27,Coronavirus
18,Coronavirus
6,Coronavirus
9,Unknown
16,Coronavirus
7,Coronavirus
27,Coronavirus
17,Coronavirus
20,Coronavirus
24,Coronavirus
13,Unknown
13,Norovirus
9,RSV
14,Influenza
14,Coronavirus
28,Influenza
14,Influenza
15,Norovirus
9,Coronavirus
14,Coronavirus
9,Influenza
12,Unknown
12,Coronavirus
20,RSV
5,Coronavirus
7,Coronavirus
21,Coronavirus
11,Coronavirus
15,Metapneumovirus
11,Coronavirus
19,RSV
12,Coronavirus
29,Coronavirus
7,Coronavirus
20,Influenza
20,Coronavirus
9,Metapneumovirus
16,Rhinovirus
17,Unknown
34,RSV
17,RSV
10,Coronavirus
10,Coronavirus
22,RSV
10,Coronavirus
10,Coronavirus
12,Coronavirus
33,Coronavirus
10,RSV
4,RSV
7,Coronavirus
18,Coronavirus
13,Coronavirus
6,Unknown
12,Coronavirus
23,Influenza
11,Coronavirus
8,Coronavirus
8,Influenza
6,Coronavirus
15,Coronavirus
7,Coronavirus
11,Influenza
11,Coronavirus
28,Coronavirus
15,Unknown
21,Coronavirus
19,Coronavirus
33,Coronavirus
18,Influenza
10,RSV
15,Norovirus
18,Coronavirus
14,Coronavirus
53,Coronavirus
9,Coronavirus
12,Coronavirus
6,Influenza
14,Coronavirus
7,Coronavirus
6,Unknown
11,Unknown
13,Coronavirus
11,Rhinovirus
2,Influenza
8,RSV
16,Unknown
14,Coronavirus
8,Coronavirus
21,Coronavirus
17,Coronavirus
17,Unknown
24,RSV
24,Coronavirus
9,Coronavirus
8,Rhinovirus
21,Influenza
31,Coronavirus
7,RSV
11,Coronavirus
23,Coronavirus
9,Coronavirus
7,RSV
10,RSV
8,Unknown
12,Coronavirus
11,Coronavirus
12,Coronavirus
35,Coronavirus
14,Coronavirus
13,Coronavirus
7,Coronavirus
21,Coronavirus
31,Coronavirus
7,Coronavirus
30,Coronavirus
14,Norovirus
10,RSV
18,Coronavirus
14,Coronavirus
6,RSV
20,Coronavirus
6,Unknown
16,Coronavirus
33,Coronavirus
12,Coronavirus
13,Coronavirus
13,Influenza
52,RSV
22,Influenza
22,Coronavirus
14,Coronavirus
16,Coronavirus
15,Coronavirus
10,Coronavirus
20,Coronavirus
18,Coronavirus
22,Coronavirus
9,RSV
11,Coronavirus
19,Coronavirus
51,Coronavirus
13,Coronavirus
17,Coronavirus
15,Coronavirus
12,Influenza
13,Influenza
23,Coronavirus
20,Coronavirus
9,RSV
14,Coronavirus
34,Coronavirus
14,RSV
10,Coronavirus
11,Coronavirus
20,Coronavirus
27,Coronavirus
25,Coronavirus
27,Coronavirus
20,Coronavirus
13,Coronavirus
18,Coronavirus
22,Coronavirus
19,Coronavirus
8,Unknown
19,CPE
14,Coronavirus
20,Coronavirus
17,Coronavirus
22,Coronavirus
23,Coronavirus
19,RSV
9,RSV
8,Unknown
21,Influenza
10,Coronavirus
19,Unknown
30,Coronavirus
38,Coronavirus
13,RSV
18,Unknown
20,Coronavirus
17,Coronavirus
16,Coronavirus
14,Coronavirus
24,Coronavirus
11,Coronavirus
10,Coronavirus
6,RSV
9,Coronavirus
14,Influenza
15,Coronavirus
13,Coronavirus
22,Coronavirus
16,Unknown
14,Coronavirus
6,RSV
20,Coronavirus
28,Coronavirus
18,Coronavirus
20,Coronavirus
14,Coronavirus
12,Influenza
17,Coronavirus
23,Coronavirus
21,Coronavirus
49,Coronavirus
9,Coronavirus
13,Unknown
28,RSV
18,Coronavirus
24,Coronavirus
10,Coronavirus
21,Coronavirus
8,Coronavirus
6,Coronavirus
46,Coronavirus
9,Coronavirus
19,Coronavirus
22,Unknown
13,Coronavirus
9,RSV
14,Rhinovirus
29,Coronavirus
9,Coronavirus
20,Coronavirus
10,Coronavirus
11,Coronavirus
9,Influenza
37,RSV
20,Coronavirus
10,Coronavirus
5,Unknown
8,Influenza
20,Influenza
7,RSV
10,RSV
23,Coronavirus
9,Coronavirus
9,Coronavirus
18,Coronavirus
30,Coronavirus
9,Influenza
25,Coronavirus
49,Coronavirus
6,Unknown
25,Coronavirus
11,Coronavirus
10,Coronavirus
18,Unknown
26,RSV
12,Influenza
43,Coronavirus
14,Coronavirus
16,RSV
21,Coronavirus
9,Coronavirus
37,Coronavirus
16,Coronavirus
16,Coronavirus
9,Coronavirus
16,Coronavirus
11,Coronavirus
44,Coronavirus
15,Coronavirus
7,Rhinovirus
18,Coronavirus
17,Influenza
12,Coronavirus
25,Coronavirus
44,Coronavirus
58,Coronavirus
18,Coronavirus
11,RSV
18,Coronavirus
19,Unknown
19,Coronavirus
10,Coronavirus
14,Influenza
9,Influenza
14,Influenza
16,Influenza
5,Influenza
30,RSV
18,Coronavirus
16,Unknown
15,Coronavirus
6,Influenza
9,Coronavirus
6,Influenza
20,Coronavirus
10,Unknown
11,Coronavirus
15,Coronavirus
12,Coronavirus
10,Coronavirus
8,Influenza
9,Influenza
14,Coronavirus
4,Unknown
23,Unknown
15,Unknown
21,Influenza
12,Influenza
9,Coronavirus
36,Coronavirus
18,RSV
11,Coronavirus
9,Coronavirus
26,Coronavirus
9,Coronavirus
6,Influenza
10,Coronavirus
17,Coronavirus
18,Coronavirus
25,RSV
12,Coronavirus
19,Coronavirus
12,Influenza
19,Coronavirus
21,Coronavirus
26,Influenza
14,Influenza
9,Influenza
29,Coronavirus
48,Influenza
16,Influenza
9,Coronavirus
11,Unknown
17,Coronavirus
28,Coronavirus
18,RSV
9,Coronavirus
11,Coronavirus
19,Influenza
10,Coronavirus
15,Influenza
21,Coronavirus
10,Coronavirus
10,Coronavirus
10,Coronavirus
40,RSV
19,Influenza
34,Coronavirus
25,Coronavirus
15,Coronavirus
10,Coronavirus
15,Coronavirus
11,Rhinovirus
18,Coronavirus
9,Unknown
7,Influenza
28,Coronavirus
30,RSV
28,Coronavirus
41,Coronavirus
26,Coronavirus
21,Coronavirus
23,Rhinovirus
13,Coronavirus
11,Influenza
14,Coronavirus
28,Rhinovirus
7,Influenza
14,Coronavirus
6,Coronavirus
10,Influenza
22,Coronavirus
30,Coronavirus
19,Coronavirus
7,Coronavirus
12,Coronavirus
14,Coronavirus
13,Coronavirus
14,Coronavirus
47,Coronavirus
6,Coronavirus
10,Coronavirus
13,Influenza
29,Coronavirus
8,Coronavirus
5,Metapneumovirus
14,Influenza
6,Rhinovirus
37,RSV
20,Influenza
13,Coronavirus
38,RSV
6,Influenza
14,Coronavirus
19,Coronavirus
14,Unknown
11,RSV
11,Coronavirus
19,Coronavirus
15,Coronavirus
33,Coronavirus
11,Coronavirus
73,Coronavirus
17,Coronavirus
17,Coronavirus
20,Coronavirus
50,Coronavirus
13,Coronavirus
30,Coronavirus
11,Coronavirus
12,Coronavirus
7,RSV
14,Coronavirus
29,Coronavirus
8,Influenza
13,Rhinovirus
18,Coronavirus
12,Coronavirus
16,Coronavirus
9,Coronavirus
18,Coronavirus
13,Coronavirus
16,Coronavirus
9,Unknown
18,Coronavirus
15,Coronavirus
19,Rhinovirus
12,Coronavirus
9,Coronavirus
8,Coronavirus
19,Coronavirus
31,Coronavirus
18,Coronavirus
14,Coronavirus
15,Coronavirus
17,Coronavirus
16,Coronavirus
19,Coronavirus
5,Coronavirus
19,Metapneumovirus
14,Coronavirus
18,Coronavirus
17,Coronavirus
22,Coronavirus
31,Coronavirus
19,Coronavirus
13,Coronavirus
5,Coronavirus
40,Coronavirus
17,Unknown
11,Coronavirus
24,Coronavirus
36,Coronavirus
18,Coronavirus
10,Coronavirus
16,Coronavirus
17,Coronavirus
18,Coronavirus
25,Coronavirus
24,Coronavirus
16,Coronavirus
25,Coronavirus
25,Coronavirus
50,Coronavirus
26,Coronavirus
18,Coronavirus
19,RSV
13,Coronavirus
19,Coronavirus
27,Coronavirus
26,Coronavirus
10,Coronavirus
10,RSV
17,Coronavirus
10,Coronavirus
10,Coronavirus
9,Coronavirus
17,Coronavirus
12,Coronavirus
14,Coronavirus
13,Coronavirus
14,Unknown
32,Coronavirus
18,Coronavirus
18,Coronavirus
19,Coronavirus
23,Coronavirus
37,Coronavirus
23,Coronavirus
6,Rhinovirus
31,Coronavirus
17,Coronavirus
38,Coronavirus
13,Coronavirus
46,Coronavirus
14,Coronavirus
29,Coronavirus
16,Coronavirus
29,Coronavirus
25,Coronavirus
17,Coronavirus
22,Coronavirus
27,Coronavirus
33,Coronavirus
19,Coronavirus
19,Metapneumovirus
12,Coronavirus
10,Coronavirus
9,Coronavirus
12,Coronavirus
11,Coronavirus
20,Coronavirus
16,Coronavirus
15,Coronavirus
29,Coronavirus
41,Coronavirus
31,Coronavirus
20,Coronavirus
9,Coronavirus
22,Coronavirus
25,Coronavirus
8,Coronavirus
12,Coronavirus
18,Coronavirus
12,Coronavirus
30,Coronavirus
9,Coronavirus
11,Coronavirus
19,Coronavirus
21,Coronavirus
12,Coronavirus
28,Coronavirus
14,Coronavirus
37,Coronavirus
28,Coronavirus
15,Coronavirus
35,Coronavirus
10,Rhinovirus
30,Coronavirus
15,Coronavirus
18,Coronavirus
15,Coronavirus
11,Coronavirus
14,Coronavirus
16,Coronavirus
2,Unknown
21,Coronavirus
16,Coronavirus
15,Coronavirus
9,Coronavirus
18,Coronavirus
11,Coronavirus
12,Coronavirus
25,Coronavirus
36,Coronavirus
31,Coronavirus
28,Coronavirus
14,Rhinovirus
21,Coronavirus
10,Coronavirus
18,Unknown
11,Coronavirus
35,Coronavirus
11,Coronavirus
23,Coronavirus
10,Coronavirus
9,Rhinovirus
48,Coronavirus
8,Coronavirus
37,Coronavirus
10,Coronavirus
13,Coronavirus
19,Coronavirus
14,Coronavirus
15,Coronavirus
25,Coronavirus
17,Coronavirus
21,Coronavirus
38,Coronavirus
59,Coronavirus
9,Coronavirus
14,Coronavirus
30,Coronavirus
16,Coronavirus
10,Coronavirus
15,Coronavirus
15,Coronavirus
22,Coronavirus
6,Coronavirus
23,Coronavirus
10,Coronavirus
24,Coronavirus
13,Coronavirus
18,Coronavirus
18,Coronavirus
18,Coronavirus
95,Coronavirus
21,Coronavirus
22,Coronavirus
11,Coronavirus
13,Influenza
34,Coronavirus
28,Coronavirus
14,Coronavirus
11,Coronavirus
23,Coronavirus
11,Coronavirus
12,Coronavirus
10,Unknown
65,Coronavirus
26,Coronavirus
11,Coronavirus
8,Coronavirus
11,Coronavirus
24,Coronavirus
10,Coronavirus
14,Coronavirus
14,Coronavirus
11,Coronavirus
9,Coronavirus
14,Coronavirus
14,Coronavirus
12,Coronavirus
34,Coronavirus
12,Coronavirus
7,Rhinovirus
14,Coronavirus
20,Coronavirus
16,Coronavirus
11,Coronavirus
28,Coronavirus
22,Coronavirus
16,Rhinovirus
9,Unknown
8,Influenza
23,Coronavirus
22,Coronavirus
26,Coronavirus
28,Coronavirus
15,Coronavirus
29,Coronavirus
12,Coronavirus
19,Coronavirus
19,Coronavirus
42,Coronavirus
13,Coronavirus
16,Coronavirus
24,Coronavirus
14,Coronavirus
11,Coronavirus
15,Coronavirus
15,Coronavirus
12,Coronavirus
11,Coronavirus
15,Coronavirus
10,Coronavirus
10,Coronavirus
12,Coronavirus
16,Coronavirus
6,Unknown
13,Coronavirus
8,Coronavirus
17,Coronavirus
16,Coronavirus
42,Coronavirus
16,Coronavirus
15,Coronavirus
23,Coronavirus
21,Coronavirus
25,Coronavirus
22,Coronavirus
35,Coronavirus
23,Rhinovirus
30,Coronavirus
29,Coronavirus
10,Coronavirus
31,Coronavirus
23,Coronavirus
22,Coronavirus
9,Coronavirus
10,Coronavirus
11,Coronavirus
10,Coronavirus
10,Coronavirus
27,Coronavirus
19,Coronavirus
32,Coronavirus
13,Coronavirus
11,Coronavirus
8,Coronavirus
21,Coronavirus
18,Coronavirus
10,Coronavirus
32,Coronavirus
6,Coronavirus
16,Coronavirus
28,Coronavirus
17,Coronavirus
17,Coronavirus
11,Coronavirus
17,Coronavirus
16,Coronavirus
18,Coronavirus
14,Coronavirus
5,Coronavirus
10,Coronavirus
23,Coronavirus
52,Coronavirus
31,Coronavirus
11,Coronavirus
12,Coronavirus
25,Coronavirus
11,Coronavirus
15,Coronavirus
13,Coronavirus
21,Coronavirus
22,Coronavirus
15,Coronavirus
16,Coronavirus
20,Coronavirus
28,Coronavirus
10,Coronavirus
15,Coronavirus
14,Coronavirus
61,Coronavirus
9,Coronavirus
25,Coronavirus
13,Coronavirus
13,Coronavirus
12,Coronavirus
25,Coronavirus
48,Coronavirus
9,Coronavirus
17,Coronavirus
11,Coronavirus
16,Unknown
11,Coronavirus
13,Coronavirus
21,Coronavirus
28,Coronavirus
22,Coronavirus
57,CPE
12,Coronavirus
20,Coronavirus
27,Coronavirus
13,Coronavirus
10,Coronavirus
17,Coronavirus
30,Coronavirus
15,Coronavirus
70,Coronavirus
38,Coronavirus
30,Coronavirus
8,Coronavirus
11,Coronavirus
11,Coronavirus
14,Coronavirus
17,Coronavirus
30,Coronavirus
19,Coronavirus
22,Coronavirus
11,Coronavirus
53,Coronavirus
20,Coronavirus
14,Coronavirus
15,Coronavirus
64,Coronavirus
15,Coronavirus
12,Coronavirus
16,Coronavirus
12,Coronavirus
23,Coronavirus
12,Coronavirus
16,Coronavirus
20,Coronavirus
31,Coronavirus
28,Coronavirus
10,Coronavirus
21,Coronavirus
16,Coronavirus
35,Coronavirus
22,Coronavirus
26,Coronavirus
15,Coronavirus
49,Coronavirus
21,Coronavirus
18,Coronavirus
35,Coronavirus
24,Coronavirus
35,Coronavirus
16,Coronavirus
34,Coronavirus
18,Coronavirus
15,Coronavirus
26,Coronavirus
22,Coronavirus
11,Coronavirus
30,Coronavirus
35,Coronavirus
43,Coronavirus
28,Coronavirus
9,Rhinovirus
20,Coronavirus
16,Coronavirus
39,Coronavirus
13,Coronavirus
28,Coronavirus
11,Rhinovirus
9,Coronavirus
25,Coronavirus
64,Coronavirus
11,Metapneumovirus
36,Coronavirus
36,Coronavirus
27,Coronavirus
21,Coronavirus
16,Metapneumovirus
14,Coronavirus
30,Coronavirus
44,Coronavirus
17,Coronavirus
38,Coronavirus
60,Coronavirus
10,Coronavirus
34,Coronavirus
5,Rhinovirus
77,Coronavirus
10,Coronavirus
6,Coronavirus
40,Coronavirus
23,Coronavirus
77,Coronavirus
13,Coronavirus
12,Rhinovirus
7,Coronavirus
17,Coronavirus
27,Coronavirus
40,Coronavirus
21,Coronavirus
44,Coronavirus
22,Rhinovirus
27,Coronavirus
16,Coronavirus
28,Coronavirus
22,Coronavirus
11,Coronavirus
22,Coronavirus
11,Coronavirus
21,Coronavirus
9,Coronavirus
15,Coronavirus
41,Coronavirus
11,Unknown
11,Coronavirus
66,Coronavirus
13,Coronavirus
10,Coronavirus
80,Coronavirus
20,Coronavirus
17,Coronavirus
25,Coronavirus
29,Influenza
11,Rhinovirus
9,Rhinovirus
8,Coronavirus
58,Coronavirus
66,Coronavirus
13,Coronavirus
12,Coronavirus
9,Coronavirus
57,Coronavirus
9,Rhinovirus
35,Coronavirus
9,Unknown
11,Coronavirus
15,Coronavirus
10,Coronavirus
13,Coronavirus
24,Coronavirus
6,RSV
8,Coronavirus
18,Coronavirus
10,Coronavirus
13,Coronavirus
45,Coronavirus
24,Coronavirus
26,Coronavirus
10,Coronavirus
10,Coronavirus
12,Coronavirus
21,Coronavirus
10,Coronavirus
72,Coronavirus
25,Coronavirus
18,Coronavirus
11,Coronavirus
48,Coronavirus
18,Coronavirus
27,Coronavirus
9,Coronavirus
9,Coronavirus
14,Coronavirus
11,Coronavirus
11,Coronavirus
15,Coronavirus
16,Coronavirus
9,Coronavirus
10,Coronavirus
16,Coronavirus
13,Coronavirus
21,Coronavirus
97,Coronavirus
14,Coronavirus
10,Coronavirus
9,Coronavirus
10,Coronavirus
16,Coronavirus
11,Coronavirus
5,Coronavirus
18,Coronavirus
20,Coronavirus
29,Coronavirus
7,Coronavirus
12,Coronavirus
18,Coronavirus
17,Coronavirus
11,Coronavirus
17,Coronavirus
11,Coronavirus
21,Coronavirus
15,Coronavirus
15,Coronavirus
11,Coronavirus
9,Influenza
15,Coronavirus
14,Coronavirus
9,Coronavirus
8,Coronavirus
17,Coronavirus
9,Coronavirus
23,Coronavirus
10,Coronavirus
16,Coronavirus
26,Coronavirus
13,Coronavirus
16,Coronavirus
22,Coronavirus
22,Coronavirus
16,Coronavirus
7,Coronavirus
28,Coronavirus
22,Coronavirus
10,Coronavirus
18,Coronavirus
54,Coronavirus
35,Coronavirus
17,Coronavirus
39,Coronavirus
25,Coronavirus
19,Coronavirus
23,Coronavirus
23,Coronavirus
16,Unknown
19,Coronavirus
36,Coronavirus
17,Metapneumovirus
14,Coronavirus
9,Coronavirus
6,Coronavirus
21,Coronavirus
22,Coronavirus
23,Coronavirus
55,Coronavirus
11,Coronavirus
26,Coronavirus
17,Coronavirus
11,Coronavirus
13,Coronavirus
27,Coronavirus
14,Coronavirus
11,Coronavirus
37,Coronavirus
11,Coronavirus
19,Coronavirus
32,Coronavirus
16,Unknown
48,Coronavirus
10,Coronavirus
23,Coronavirus
10,Coronavirus
17,Coronavirus
9,Coronavirus
13,Coronavirus
16,Coronavirus
9,Coronavirus
12,Coronavirus
12,Unknown
14,Coronavirus
20,Coronavirus
13,Coronavirus
13,Coronavirus
12,Rhinovirus
13,Influenza
17,Coronavirus
11,Coronavirus
15,Coronavirus
33,Coronavirus
14,Coronavirus
12,Coronavirus
19,Coronavirus
28,Coronavirus
27,Coronavirus
26,Coronavirus
15,Coronavirus
17,Coronavirus
6,Coronavirus
12,Influenza
25,Coronavirus
10,Coronavirus
16,Coronavirus
8,Coronavirus
17,Coronavirus
23,Coronavirus
13,Coronavirus
16,Coronavirus
12,Coronavirus
35,Coronavirus
11,Coronavirus
9,Coronavirus
27,Coronavirus
61,Coronavirus
9,Coronavirus
9,Coronavirus
11,Coronavirus
14,Coronavirus
53,Coronavirus
58,Coronavirus
13,Coronavirus
18,Coronavirus
57,Coronavirus
37,Coronavirus
13,Coronavirus
35,Coronavirus
13,Coronavirus
19,Coronavirus
10,Coronavirus
17,Coronavirus
9,Coronavirus
49,Coronavirus
19,Coronavirus
17,Coronavirus
18,Coronavirus
6,Coronavirus
17,Coronavirus
25,Coronavirus
13,Coronavirus
20,Coronavirus
16,Coronavirus
29,Coronavirus
18,Coronavirus
12,Coronavirus
28,Coronavirus
14,Coronavirus
13,Coronavirus
10,Coronavirus
26,Coronavirus
61,Coronavirus
32,Coronavirus
9,Coronavirus
8,Coronavirus
10,Coronavirus
11,Coronavirus
37,Coronavirus
23,Coronavirus
37,Coronavirus
14,Coronavirus
22,Coronavirus
11,Coronavirus
17,Coronavirus
11,Coronavirus
41,Coronavirus
62,Coronavirus
12,Coronavirus
6,Coronavirus
34,Coronavirus
23,Coronavirus
52,Coronavirus
42,Coronavirus
5,Unknown
46,Coronavirus
35,Coronavirus
32,Coronavirus
53,Coronavirus
26,Coronavirus
33,Coronavirus
29,Coronavirus
6,Coronavirus
56,Coronavirus
13,Coronavirus
63,Coronavirus
10,Coronavirus
21,Coronavirus
21,Coronavirus
12,Coronavirus
35,Coronavirus
10,RSV
10,Coronavirus
11,Coronavirus
26,Coronavirus
10,Unknown
43,Coronavirus
1,Coronavirus
58,Coronavirus
13,Coronavirus
80,Coronavirus
19,Coronavirus
16,Unknown
11,Coronavirus
24,Coronavirus
23,Coronavirus
15,Coronavirus
12,Unknown
29,Coronavirus
11,Rhinovirus
12,Coronavirus
18,Coronavirus
7,RSV
20,Coronavirus
24,Coronavirus
11,Coronavirus
12,Coronavirus
10,Coronavirus
13,Coronavirus
51,Coronavirus
10,Coronavirus
16,Coronavirus
33,Coronavirus
21,Coronavirus
23,Coronavirus
16,Coronavirus
18,Coronavirus
23,Coronavirus
26,Coronavirus
9,Coronavirus
18,Coronavirus
11,Coronavirus
16,Coronavirus
16,Coronavirus
9,Coronavirus
12,Coronavirus
13,Coronavirus
22,Coronavirus
11,Coronavirus
22,Coronavirus
16,Coronavirus
11,Coronavirus
11,Coronavirus
10,Coronavirus
9,Coronavirus
16,Coronavirus
16,Coronavirus
7,Coronavirus
21,Coronavirus
30,Coronavirus
24,Coronavirus
11,Coronavirus
9,Coronavirus
15,Coronavirus
15,Coronavirus
11,Coronavirus
13,Coronavirus
12,Coronavirus
18,Coronavirus
15,Coronavirus
14,Coronavirus
17,Coronavirus
20,Coronavirus
14,Coronavirus
11,Coronavirus
15,Coronavirus
13,Coronavirus
18,Coronavirus
5,Coronavirus
9,Coronavirus
26,Coronavirus
13,Coronavirus
8,Coronavirus
18,Coronavirus
12,Coronavirus
17,Coronavirus
17,Coronavirus
12,Coronavirus
10,Coronavirus
13,Coronavirus
21,Coronavirus
14,Coronavirus
21,Coronavirus
25,Coronavirus
6,Coronavirus
6,Coronavirus
14,Coronavirus
22,Coronavirus
18,Coronavirus
18,Coronavirus
31,Coronavirus
12,Coronavirus
23,Coronavirus
13,Coronavirus
23,Coronavirus
20,Coronavirus
17,Coronavirus
16,Coronavirus
12,Coronavirus
27,Coronavirus
11,Coronavirus
14,Coronavirus
11,Coronavirus
22,Coronavirus
21,Coronavirus
19,Coronavirus
31,Coronavirus
11,Coronavirus
16,Coronavirus
26,Coronavirus
26,Coronavirus
9,Coronavirus
9,Coronavirus
24,Coronavirus
18,Coronavirus
14,Coronavirus
15,Coronavirus
39,Coronavirus
18,Coronavirus
25,Coronavirus
32,Coronavirus
17,Coronavirus
10,Coronavirus
34,Coronavirus
14,Coronavirus
16,Coronavirus
15,Coronavirus
41,Coronavirus
17,Coronavirus
9,Coronavirus
13,Coronavirus
12,Coronavirus
15,Coronavirus
17,Coronavirus
35,Coronavirus
21,Coronavirus
19,Coronavirus
38,Coronavirus
23,Coronavirus
12,Coronavirus
17,Coronavirus
15,Coronavirus
11,Coronavirus
22,Coronavirus
10,Coronavirus
27,Coronavirus
22,Coronavirus
9,Coronavirus
12,Coronavirus
14,Coronavirus
20,Coronavirus
14,Coronavirus
37,Coronavirus
15,Coronavirus
49,Coronavirus
15,Coronavirus
27,Coronavirus
41,Coronavirus
20,Coronavirus
12,Coronavirus
17,Coronavirus
25,Coronavirus
13,Coronavirus
16,Coronavirus
32,Coronavirus
18,Coronavirus
24,Coronavirus
30,Coronavirus
38,Coronavirus
19,Coronavirus
31,Coronavirus
20,Coronavirus
26,Coronavirus
14,Coronavirus
27,Coronavirus
36,Coronavirus
51,Coronavirus
21,Coronavirus
17,Coronavirus
21,Coronavirus
47,Coronavirus
14,Coronavirus
14,Coronavirus
44,Coronavirus
81,Coronavirus
55,Coronavirus
43,Coronavirus
40,Coronavirus
30,Coronavirus
27,Coronavirus
36,Coronavirus
37,Coronavirus
33,Coronavirus
45,Coronavirus
33,Coronavirus
37,Coronavirus
17,Coronavirus
38,Coronavirus
19,Coronavirus
20,Coronavirus
22,Coronavirus
43,Coronavirus
48,Coronavirus
24,Coronavirus
43,Coronavirus
31,Coronavirus
49,Coronavirus
46,Coronavirus
10,Coronavirus
40,Coronavirus
17,Coronavirus
41,Coronavirus
24,Coronavirus
19,Coronavirus
44,Coronavirus
31,Coronavirus
39,Coronavirus
43,Coronavirus
39,Coronavirus
37,Coronavirus
35,Coronavirus
27,Coronavirus
38,Coronavirus
39,Coronavirus
46,Coronavirus
40,Coronavirus
50,Coronavirus
36,Coronavirus
36,Coronavirus
21,Coronavirus
72,Coronavirus
12,Coronavirus
34,Coronavirus
49,Coronavirus
44,Coronavirus
15,Coronavirus
32,Coronavirus
63,Coronavirus
39,Coronavirus
62,Coronavirus
39,Coronavirus
20,Coronavirus
48,Coronavirus
45,Coronavirus
19,Coronavirus
40,Coronavirus
45,Coronavirus
54,Coronavirus
61,Coronavirus
48,Coronavirus
75,Coronavirus
47,Coronavirus
73,Coronavirus
33,Coronavirus
46,Coronavirus
49,Coronavirus
19,Coronavirus
20,Coronavirus
48,Coronavirus
42,Coronavirus
26,Coronavirus
20,Coronavirus
18,Coronavirus
54,Coronavirus
48,Coronavirus
55,Coronavirus
27,Coronavirus
50,Coronavirus
37,Coronavirus
41,Coronavirus
55,Coronavirus
20,Coronavirus
55,Coronavirus
56,Coronavirus
55,Coronavirus
49,Coronavirus
15,Coronavirus
46,Coronavirus
37,Coronavirus
37,Coronavirus
48,Coronavirus
48,Coronavirus
66,Coronavirus
37,Coronavirus
28,Coronavirus
67,Coronavirus
39,Coronavirus
50,Coronavirus
50,Coronavirus
54,Coronavirus
48,Coronavirus
66,Coronavirus
51,Coronavirus
54,Coronavirus
19,Coronavirus
52,Coronavirus
7,Coronavirus
34,Coronavirus
58,Coronavirus
26,Coronavirus
49,Coronavirus
63,Coronavirus
54,Coronavirus
62,Coronavirus
65,Coronavirus
12,Coronavirus
18,Unknown
52,Coronavirus
60,Coronavirus
54,Coronavirus
50,Coronavirus
15,Coronavirus
65,Coronavirus
24,Coronavirus
4,Unknown
7,RSV
12,RSV
15,Coronavirus
19,Coronavirus
19,Rhinovirus
15,Rhinovirus
16,Coronavirus
16,Rhinovirus
15,Rhinovirus
27,Coronavirus
14,Coronavirus
12,Rhinovirus
29,Rhinovirus
12,Metapneumovirus
14,Coronavirus
10,Rhinovirus
13,Rhinovirus
9,Rhinovirus
23,Unknown
8,Unknown
10,Coronavirus
16,Coronavirus
11,Coronavirus
1,Rhinovirus
16,Coronavirus
15,Influenza
30,Coronavirus
24,Coronavirus
14,Coronavirus
15,Coronavirus
28,Coronavirus
13,Rhinovirus
17,Rhinovirus
18,Coronavirus
1,Unknown
6,Rhinovirus
19,Unknown
13,Rhinovirus
10,Rhinovirus
27,Rhinovirus
17,Rhinovirus
14,Coronavirus
11,Rhinovirus
13,Coronavirus
7,Coronavirus
20,Rhinovirus
8,Campylobacter
39,Coronavirus
14,Coronavirus
16,Coronavirus
3,Unknown
17,Coronavirus
13,Coronavirus
20,Coronavirus
9,Coronavirus
15,Coronavirus
14,Coronavirus
15,Coronavirus
17,Coronavirus
18,Coronavirus
23,Coronavirus
30,Coronavirus
18,Coronavirus
19,Coronavirus
11,Coronavirus
14,Coronavirus
15,Coronavirus
28,Coronavirus
25,Coronavirus
15,Coronavirus
18,Coronavirus
16,Unknown
57,Coronavirus
35,Coronavirus
40,Coronavirus
14,Coronavirus
20,Coronavirus
14,Coronavirus
20,Coronavirus
16,Coronavirus
21,Coronavirus
17,Coronavirus
19,Coronavirus
25,Coronavirus
42,Coronavirus
11,Coronavirus
10,Coronavirus
14,Coronavirus
23,Coronavirus
38,Coronavirus
14,Coronavirus
34,Coronavirus
22,Coronavirus
17,Coronavirus
24,Coronavirus
44,Coronavirus
12,Coronavirus
22,Coronavirus
15,Coronavirus
8,Coronavirus
18,Coronavirus
32,Coronavirus
23,Coronavirus
26,Coronavirus
20,Coronavirus
16,Coronavirus
15,Coronavirus
12,Coronavirus
32,Coronavirus
26,Coronavirus
21,Coronavirus
14,Coronavirus
9,Coronavirus
7,Coronavirus
15,Coronavirus
28,Coronavirus
22,Coronavirus
15,Coronavirus
46,Coronavirus
10,Coronavirus
15,Coronavirus
32,Coronavirus
15,Coronavirus
27,Coronavirus
19,Coronavirus
13,Coronavirus
12,Coronavirus
15,Coronavirus
21,Coronavirus
5,Unknown
19,Coronavirus
10,Coronavirus
30,Coronavirus
33,Coronavirus
23,Coronavirus
63,Coronavirus
14,Coronavirus
20,Coronavirus
17,Coronavirus
14,Coronavirus
11,Coronavirus
18,Coronavirus
14,Coronavirus
4,Unknown
54,Coronavirus
14,Coronavirus
11,Coronavirus
18,Coronavirus
14,Coronavirus
66,Coronavirus
26,Coronavirus
17,Coronavirus
23,Coronavirus
7,Coronavirus
9,Coronavirus
21,Coronavirus
26,Coronavirus
16,Coronavirus
15,Coronavirus
20,Coronavirus
14,Coronavirus
21,Coronavirus
22,Coronavirus
19,Coronavirus
15,Coronavirus
19,Coronavirus
18,Coronavirus
18,Coronavirus
17,Coronavirus
18,Coronavirus
20,Coronavirus
14,Coronavirus
25,Coronavirus
22,Coronavirus
16,Coronavirus
36,Coronavirus
22,Campylobacter
31,Coronavirus
22,Coronavirus
7,Coronavirus
16,Coronavirus
22,Coronavirus
15,Coronavirus
15,Coronavirus
16,Coronavirus
16,Coronavirus
31,Coronavirus
14,Coronavirus
14,Coronavirus
13,Coronavirus
26,Coronavirus
39,Coronavirus
17,Coronavirus
23,Coronavirus
34,Coronavirus
62,Coronavirus
35,Coronavirus
14,Coronavirus
22,Coronavirus
19,Coronavirus
44,Coronavirus
12,Coronavirus
13,Coronavirus
37,Coronavirus
29,Coronavirus
41,Coronavirus
25,Coronavirus
17,Coronavirus
16,Coronavirus
11,Coronavirus
38,Coronavirus
23,Coronavirus
16,Coronavirus
27,Coronavirus
28,Coronavirus
24,Coronavirus
20,Coronavirus
12,Coronavirus
22,Coronavirus
15,Coronavirus
36,Coronavirus
8,Coronavirus
20,Coronavirus
13,Coronavirus
25,Coronavirus
23,Coronavirus
28,Coronavirus
19,Coronavirus
16,Coronavirus
42,Coronavirus
48,Coronavirus
14,Coronavirus
37,Coronavirus
18,Coronavirus
25,Coronavirus
44,Coronavirus
26,Coronavirus
37,Coronavirus
44,Coronavirus
50,Coronavirus
25,Coronavirus
36,Coronavirus
5,Coronavirus
45,Coronavirus
44,Coronavirus
44,Coronavirus
32,Coronavirus
49,Coronavirus
15,Coronavirus
16,Coronavirus
32,Coronavirus
54,Coronavirus
12,Coronavirus
15,Coronavirus
20,Coronavirus
20,Coronavirus
23,Coronavirus
45,Coronavirus
14,Coronavirus
43,Coronavirus
47,Coronavirus
57,Coronavirus
34,Coronavirus
49,Coronavirus
56,Coronavirus
27,Coronavirus
42,Coronavirus
19,Coronavirus
39,Coronavirus
48,Coronavirus
22,Coronavirus
25,Coronavirus
26,Coronavirus
46,Coronavirus
28,Coronavirus
30,Coronavirus
79,Coronavirus
14,Coronavirus
29,Coronavirus
62,Coronavirus
13,Unknown
15,Coronavirus
17,Coronavirus
26,Coronavirus
31,Coronavirus
36,Coronavirus
27,Coronavirus
58,Coronavirus
45,Coronavirus
95,Coronavirus
12,Coronavirus
13,Coronavirus
21,Coronavirus
41,Coronavirus
67,Coronavirus
1,Coronavirus
19,Coronavirus
13,Coronavirus
20,Coronavirus
37,Coronavirus
51,Coronavirus
22,Coronavirus
13,Coronavirus
47,Coronavirus
54,Coronavirus
68,Coronavirus
22,Coronavirus
16,Coronavirus
79,Coronavirus
9,Coronavirus
37,Coronavirus
73,Coronavirus
15,Coronavirus
31,Coronavirus
45,Coronavirus
84,Coronavirus
18,Coronavirus
18,Coronavirus
17,Coronavirus
21,Coronavirus
24,Coronavirus
29,Coronavirus
53,Coronavirus
18,Coronavirus
59,Coronavirus
65,Coronavirus
49,Coronavirus
14,Coronavirus
13,Coronavirus
16,Coronavirus
33,Coronavirus
6,Coronavirus
16,Coronavirus
16,Coronavirus
11,Coronavirus
11,Coronavirus
23,Coronavirus
52,Coronavirus
75,Coronavirus
33,Coronavirus
64,Coronavirus
4,Unknown
13,Coronavirus
16,Coronavirus
34,Coronavirus
14,Coronavirus
25,Coronavirus
3,Coronavirus
24,Coronavirus
31,Coronavirus
79,Coronavirus
86,Coronavirus
14,Coronavirus
27,Coronavirus
45,Coronavirus
88,Coronavirus
8,Coronavirus
13,Coronavirus
58,Coronavirus
99,Coronavirus
17,Coronavirus
24,Coronavirus
27,Coronavirus
12,Coronavirus
12,Coronavirus
31,Coronavirus
14,Coronavirus
46,Coronavirus
86,Coronavirus
16,Coronavirus
15,Coronavirus
20,Coronavirus
45,Coronavirus
21,Coronavirus
3,Coronavirus
26,Coronavirus
15,Coronavirus
27,Coronavirus
14,Coronavirus
12,Coronavirus
20,Coronavirus
56,Coronavirus
71,Coronavirus
14,Coronavirus
30,Coronavirus
48,Coronavirus
106,Coronavirus
8,Unknown
21,Coronavirus
43,Coronavirus
15,Coronavirus
25,Coronavirus
55,Coronavirus
15,Coronavirus
16,Coronavirus
55,Coronavirus
42,Coronavirus
16,Coronavirus
31,Coronavirus
20,Coronavirus
24,Coronavirus
13,Coronavirus
15,Coronavirus
16,Coronavirus
89,Coronavirus
14,Coronavirus
17,Coronavirus
22,Coronavirus
45,Coronavirus
126,Coronavirus
17,Coronavirus
25,Coronavirus
29,Coronavirus
56,Coronavirus
14,Coronavirus
16,Coronavirus
24,Coronavirus
13,Coronavirus
17,Coronavirus
26,Coronavirus
65,Coronavirus
21,Coronavirus
35,Coronavirus
31,Coronavirus
33,Coronavirus
12,Coronavirus
16,Coronavirus
17,Coronavirus
96,Coronavirus
9,Coronavirus
36,Coronavirus
8,Coronavirus
17,Coronavirus
17,Coronavirus
18,Coronavirus
21,Coronavirus
29,Coronavirus
52,Coronavirus
20,Coronavirus
75,Coronavirus
14,Coronavirus
48,Coronavirus
15,Coronavirus
13,Coronavirus
8,Unknown
26,Coronavirus
14,Coronavirus
21,Coronavirus
75,Coronavirus
15,Coronavirus
12,Coronavirus
23,Coronavirus
55,Coronavirus
18,Unknown
24,Coronavirus
48,Rhinovirus
7,Coronavirus
22,Coronavirus
29,Coronavirus
16,Clostridium difficile
20,Coronavirus
78,Coronavirus
45,Coronavirus
5,Unknown
15,Coronavirus
20,Coronavirus
41,Coronavirus
17,Coronavirus
14,Coronavirus
3,Unknown
7,Unknown
15,Coronavirus
21,Coronavirus
27,Unknown
14,Unknown
16,Unknown
12,Coronavirus
3,Coronavirus
17,Coronavirus
45,Coronavirus
7,Unknown
14,Coronavirus
14,Coronavirus
14,Coronavirus
12,Unknown
17,Coronavirus
27,Coronavirus
12,Coronavirus
26,Coronavirus
12,Coronavirus
14,Coronavirus
12,Coronavirus
14,Coronavirus
14,Coronavirus
23,Coronavirus
33,Coronavirus
58,Coronavirus
15,Coronavirus
18,Coronavirus
19,Coronavirus
31,Coronavirus
11,Coronavirus
12,Coronavirus
21,Unknown
9,Coronavirus
10,Coronavirus
13,Coronavirus
37,Coronavirus
51,Coronavirus
15,Coronavirus
20,Coronavirus
21,Coronavirus
21,Coronavirus
14,Coronavirus
18,Coronavirus
20,Coronavirus
45,Coronavirus
3,Coronavirus
12,Coronavirus
31,Coronavirus
5,Coronavirus
9,Coronavirus
12,Coronavirus
36,Coronavirus
40,Coronavirus
51,Coronavirus
11,Coronavirus
13,Coronavirus
14,Coronavirus
19,Coronavirus
11,Coronavirus
19,Coronavirus
15,Coronavirus
24,Coronavirus
24,Coronavirus
13,Coronavirus
20,Coronavirus
8,Coronavirus
14,Coronavirus
14,Coronavirus
20,Coronavirus
21,Coronavirus
15,Coronavirus
18,Coronavirus
14,Coronavirus
20,Coronavirus
34,Coronavirus
8,Coronavirus
15,Coronavirus
16,Coronavirus
20,Coronavirus
37,Coronavirus
37,Coronavirus
16,Coronavirus
20,Coronavirus
13,Clostridium difficile
35,Coronavirus
14,Coronavirus
30,Coronavirus
16,Coronavirus
21,Coronavirus
13,Coronavirus
20,Coronavirus
60,Coronavirus
72,Coronavirus
15,Coronavirus
18,Coronavirus
18,Coronavirus
26,Coronavirus
108,Coronavirus
13,Coronavirus
22,Coronavirus
37,Coronavirus
23,Coronavirus
34,Coronavirus
62,Coronavirus
15,Coronavirus
47,Coronavirus
15,Coronavirus
55,Coronavirus
32,Coronavirus
43,Coronavirus
62,Coronavirus
28,Coronavirus
36,Coronavirus
37,Coronavirus
46,Coronavirus
25,Coronavirus
3,Coronavirus
10,Coronavirus
14,Coronavirus
22,Coronavirus
25,Coronavirus
25,Coronavirus
34,Coronavirus
43,Coronavirus
31,Coronavirus
40,Coronavirus
40,Coronavirus
51,Coronavirus
74,Coronavirus
35,Coronavirus
53,Coronavirus
90,Coronavirus
14,Coronavirus
24,Coronavirus
35,Coronavirus
37,Coronavirus
70,Coronavirus
95,Coronavirus
17,Coronavirus
24,Coronavirus
97,Coronavirus
102,Coronavirus
20,Rhinovirus
9,Unknown
8,Coronavirus
62,Coronavirus
65,Coronavirus
20,Coronavirus
32,Coronavirus
34,Coronavirus
45,Coronavirus
48,Coronavirus
63,Coronavirus
9,Metapneumovirus
34,Coronavirus
61,Coronavirus
63,Coronavirus
15,Coronavirus
15,Coronavirus
48,Coronavirus
48,Coronavirus
53,Coronavirus
63,Coronavirus
13,Metapneumovirus
9,Unknown
17,Coronavirus
36,Coronavirus
55,Coronavirus
57,Coronavirus
77,Coronavirus
8,Metapneumovirus
14,Coronavirus
52,Coronavirus
66,Coronavirus
16,Unknown
99,Coronavirus
38,Coronavirus
61,Coronavirus
70,Coronavirus
15,Unknown
78,Rhinovirus
51,Coronavirus
61,Coronavirus
78,Coronavirus
12,Metapneumovirus
55,Coronavirus
17,Coronavirus
17,Coronavirus
15,Coronavirus
11,Coronavirus
10,Rhinovirus
24,Coronavirus
82,Coronavirus
10,Coronavirus
19,Coronavirus
56,Coronavirus
11,Metapneumovirus
11,Metapneumovirus
24,Metapneumovirus
11,Influenza
23,Influenza
97,Coronavirus
20,Coronavirus
74,Coronavirus
6,Unknown
10,Unknown
14,RSV
14,Coronavirus
67,Coronavirus
7,RSV
13,RSV
10,Unknown
13,Unknown
16,Influenza
16,Influenza
15,RSV
14,Rhinovirus
8,Coronavirus
13,Unknown
13,Metapneumovirus
17,Unknown
7,Influenza
16,Metapneumovirus
21,Rhinovirus
8,Unknown
24,Influenza
6,Rotavirus
13,Coronavirus
6,Unknown
11,Coronavirus
10,Coronavirus
5,Unknown
12,RSV
13,Unknown
12,Influenza
10,Metapneumovirus
14,Unknown
14,Unknown
9,Influenza
24,RSV
16,Influenza
7,RSV
18,Unknown
9,Influenza
13,Unknown
12,Unknown
16,Rhinovirus
8,RSV
27,CPE
11,Unknown
8,Influenza
11,Unknown
11,Influenza
16,Unknown
9,RSV
15,Coronavirus
18,Coronavirus
6,Influenza
19,Unknown
13,Coronavirus
17,Coronavirus
8,Influenza
10,RSV
7,Unknown
21,Metapneumovirus
9,RSV
20,Unknown
15,Influenza
15,Influenza
14,Influenza
8,Influenza
7,Influenza
8,Influenza
15,Influenza
16,Influenza
10,Influenza
18,Metapneumovirus
7,Influenza
7,RSV
6,Influenza
11,Influenza
8,Influenza
8,RSV
9,Metapneumovirus
13,Influenza
5,Influenza
14,RSV
18,RSV
25,RSV
14,Unknown
9,Metapneumovirus
5,Rhinovirus
9,Coronavirus
8,Influenza
5,Influenza
9,Influenza
7,Unknown
8,Unknown
13,Metapneumovirus
10,Influenza
23,RSV
6,Influenza
6,Influenza
8,Influenza
12,Metapneumovirus
16,Unknown
24,RSV
10,Metapneumovirus
9,Influenza
9,Influenza
12,Influenza
8,Influenza
14,Influenza
9,Unknown
10,Unknown
18,Coronavirus
9,Influenza
16,Unknown
20,Influenza
7,Influenza
12,Influenza
13,Influenza
9,RSV
17,Influenza
7,Unknown
7,Unknown
9,Unknown
11,Unknown
6,Influenza
10,Coronavirus
14,Influenza
8,Influenza
14,Influenza
7,Influenza
8,Influenza
21,Influenza
16,Influenza
20,Rhinovirus
15,Metapneumovirus
17,Influenza
14,Metapneumovirus
14,Unknown
8,Influenza
16,Rhinovirus
21,Metapneumovirus
21,Unknown
23,Unknown
13,Influenza
25,RSV
19,Unknown
7,Influenza
10,Unknown
19,Unknown
17,Coronavirus
7,Unknown
7,Rhinovirus
6,Influenza
6,Influenza
11,Influenza
22,Unknown
14,RSV
5,Unknown
18,Unknown
21,RSV
8,Rhinovirus
4,Unknown
28,CPE
8,Unknown
13,Rhinovirus
21,CPE
8,Unknown
11,Unknown
12,Unknown
21,Unknown
8,Unknown
13,Unknown
15,Unknown
15,Rhinovirus
14,Unknown
14,Unknown
9,Rhinovirus
10,Unknown
13,Unknown
17,CPE
15,Unknown
25,Unknown
11,Unknown
9,Unknown
13,Unknown
16,Unknown
15,Unknown
26,Unknown
5,Unknown
21,CPE
17,Unknown
11,Unknown
8,Unknown
21,Unknown
27,Clostridium difficile
14,Unknown
20,Unknown
44,Clostridium difficile
8,Clostridium difficile
8,Influenza
14,Unknown
12,Unknown
10,Unknown
14,Unknown
10,Unknown
8,Unknown
8,Unknown
9,Unknown
9,Unknown
9,Unknown
5,Unknown
10,Unknown
13,Unknown
14,Unknown
20,Unknown
17,Unknown
8,Rhinovirus
16,Unknown
20,Unknown
18,Unknown
15,Unknown
15,Unknown
27,Unknown
13,Unknown
24,Unknown
8,Unknown
8,Unknown
8,Unknown
19,Influenza
15,Metapneumovirus
9,Unknown
11,Unknown
12,Unknown
7,Influenza
11,Metapneumovirus
10,Unknown
12,Metapneumovirus
14,Influenza
9,Influenza
17,Unknown
10,Unknown
15,Metapneumovirus
11,Unknown
12,Influenza
8,Unknown
8,Metapneumovirus
6,Influenza
6,Unknown
11,Unknown
19,Influenza
8,Unknown
15,Clostridium difficile
10,Influenza
9,Unknown
13,Influenza
11,Influenza
15,Unknown
17,Influenza
9,Unknown
11,Influenza
7,Influenza
6,Unknown
5,Influenza
11,Influenza
7,Rhinovirus
21,Influenza
9,Unknown
21,Metapneumovirus
15,Unknown
12,Influenza
17,RSV
12,Unknown
8,Unknown
14,Unknown
9,Influenza
13,Influenza
21,Unknown
10,Metapneumovirus
15,Influenza
10,Unknown
8,Unknown
19,Influenza
6,Unknown
7,Influenza
8,Influenza
10,Influenza
12,CPE
11,Influenza
12,RSV
10,Metapneumovirus
11,Influenza
7,Unknown
12,Influenza
8,Influenza
10,Influenza
10,Unknown
10,Unknown
15,Unknown
8,Influenza
14,Metapneumovirus
9,Unknown
14,Influenza
10,Unknown
14,Unknown
17,Unknown
10,RSV
16,Influenza
7,Influenza
22,Unknown
9,Unknown
8,RSV
10,Unknown
8,Influenza
13,Influenza
8,Influenza
28,Influenza
20,Influenza
14,Metapneumovirus
5,Unknown
8,Influenza
9,Influenza
10,Unknown
8,Influenza
8,Influenza
15,Influenza
10,RSV
10,Unknown
19,Influenza
12,Influenza
9,Influenza
10,Influenza
21,Metapneumovirus
11,Unknown
13,Rhinovirus
8,Unknown
9,Influenza
38,Clostridium difficile
12,RSV
16,Influenza
16,Metapneumovirus
8,Influenza
24,RSV
9,Unknown
9,Influenza
8,Influenza
10,Influenza
11,Influenza
10,Influenza
7,Influenza
12,Influenza
14,RSV
11,Influenza
26,RSV
13,Influenza
21,Influenza
17,RSV
11,Unknown
8,Influenza
9,Influenza
10,Unknown
8,Rhinovirus
17,RSV
10,Influenza
12,Influenza
10,Unknown
16,Unknown
12,Influenza
10,Rhinovirus
10,Unknown
12,Influenza
9,RSV
4,Unknown
11,Unknown
11,Unknown
8,Influenza
8,Influenza
7,RSV
7,Influenza
9,Unknown
11,RSV
10,RSV
15,Unknown
9,RSV
20,RSV
12,Unknown
8,Influenza
9,Influenza
7,Influenza
8,Influenza
15,Influenza
11,RSV
15,RSV
17,RSV
14,Metapneumovirus
7,Unknown
17,Influenza
11,Influenza
11,Influenza
9,RSV
14,Influenza
10,Influenza
18,RSV
14,RSV
15,Influenza
10,RSV
13,Influenza
20,Influenza
12,Influenza
14,RSV
8,Influenza
11,Influenza
18,Influenza
13,Unknown
13,Influenza
12,RSV
20,Influenza
13,Rhinovirus
14,Influenza
9,Influenza
9,RSV
8,Influenza
11,Influenza
24,RSV
7,Influenza
9,Influenza
9,Unknown
10,Influenza
4,Influenza
10,Influenza
18,RSV
6,Unknown
6,Unknown
9,Unknown
27,Influenza
11,Unknown
22,Influenza
7,Influenza
16,Influenza
6,Influenza
14,RSV
14,RSV
29,Unknown
25,Influenza
8,RSV
14,Unknown
19,Unknown
11,Unknown
27,RSV
7,Unknown
6,Influenza
12,Unknown
16,Influenza
9,Unknown
9,Influenza
4,Unknown
12,Unknown
26,RSV
14,Influenza
14,RSV
16,Unknown
8,Influenza
7,Influenza
20,Unknown
21,Unknown
11,Rhinovirus
9,Influenza
24,Unknown
5,CPE
8,Influenza
14,Unknown
9,Unknown
134,Clostridium difficile
15,Influenza
39,RSV
12,Unknown
11,Unknown
18,Metapneumovirus
8,Unknown
37,Unknown
12,Unknown
10,Influenza
15,Unknown
11,Influenza
10,Unknown
21,Unknown
10,Influenza
15,Unknown
14,RSV
18,Unknown
11,Unknown
12,Unknown
16,CPE
9,Rhinovirus
13,Unknown
9,Unknown
42,Unknown
10,Unknown
17,Influenza
9,Unknown
15,Unknown
8,Unknown
7,Unknown
6,Unknown
20,Influenza
13,Unknown
12,Coronavirus
14,Unknown
27,Unknown
10,Unknown
15,Unknown
10,Unknown
18,Unknown
8,Unknown
15,Unknown
15,Unknown
10,Influenza
9,Unknown
13,Unknown
14,Unknown
11,Unknown
18,Unknown
5,Unknown
12,Unknown
6,Unknown
10,Unknown
19,Rhinovirus
32,Unknown
11,Rhinovirus
14,Unknown
2,CPE
19,Unknown
18,Unknown
19,Influenza
20,Unknown
21,Unknown
18,Unknown
26,Unknown
13,Unknown
9,Rhinovirus
15,Unknown
28,Unknown
10,Unknown
9,Unknown
17,Unknown
16,Unknown
20,Rhinovirus
11,Unknown
12,Influenza
25,Unknown
11,Unknown
10,Rhinovirus
10,Rhinovirus
10,Influenza
17,Influenza
9,Influenza
28,Unknown
15,Influenza
13,Unknown
7,Unknown
8,Unknown
30,Unknown
15,Unknown
9,RSV
15,Unknown
9,Influenza
12,Unknown
18,Metapneumovirus
12,Influenza
14,Unknown
17,Influenza
10,Influenza
29,Metapneumovirus
13,Metapneumovirus
12,Influenza
13,Unknown
6,Unknown
12,Influenza
9,Metapneumovirus
16,Unknown
12,Unknown
18,Unknown
9,Coronavirus
7,Influenza
15,Influenza
12,Unknown
17,Influenza
11,Influenza
22,Metapneumovirus
12,Influenza
37,Metapneumovirus
11,Influenza
19,Unknown
10,Unknown
8,Influenza
20,Influenza
8,Influenza
9,Unknown
9,Influenza
11,Influenza
12,Influenza
10,Influenza
19,Influenza
14,Unknown
8,Influenza
10,Unknown
33,Unknown
9,Influenza
12,Metapneumovirus
12,Influenza
11,Influenza
8,Influenza
6,Unknown
13,Influenza
15,Unknown
15,Influenza
17,Influenza
17,Metapneumovirus
19,Unknown
13,Influenza
17,Influenza
6,Influenza
8,Metapneumovirus
11,Influenza
12,Unknown
8,Unknown
8,Unknown
16,Influenza
20,Unknown
8,Influenza
9,Influenza
9,Influenza
13,Influenza
23,Unknown
7,Unknown
12,Influenza
10,Influenza
22,Unknown
11,Influenza
8,Influenza
12,Influenza
11,Influenza
8,Unknown
37,Unknown
10,Influenza
6,Unknown
26,Unknown
10,Influenza
9,Influenza
13,Unknown
7,Influenza
4,RSV
17,Influenza
9,Unknown
9,Influenza
7,Influenza
4,Influenza
9,Influenza
14,Influenza
10,Influenza
14,Influenza
15,Influenza
12,Influenza
12,Influenza
40,Clostridium difficile
19,Influenza
10,Unknown
13,Metapneumovirus
16,Influenza
50,Streptococcus
18,Influenza
7,Influenza
18,Influenza
17,Influenza
7,Influenza
18,Influenza
12,Unknown
15,Influenza
7,Influenza
9,Influenza
12,Influenza
6,Influenza
6,Influenza
12,Influenza
13,Unknown
11,Influenza
16,Unknown
10,Unknown
17,Influenza
7,Influenza
22,Influenza
7,Unknown
9,Influenza
9,Influenza
6,Unknown
9,Influenza
6,Unknown
8,Influenza
16,Influenza
5,Influenza
13,Unknown
6,Unknown
7,Unknown
8,Unknown
22,Influenza
10,Influenza
14,Influenza
9,Unknown
12,Influenza
8,Influenza
6,Influenza
19,Influenza
4,Influenza
14,Influenza
13,Influenza
10,Unknown
11,Unknown
10,Influenza
13,Unknown
16,Influenza
8,Unknown
12,Influenza
11,Influenza
10,Influenza
9,Influenza
9,Influenza
12,Influenza
15,Influenza
22,Influenza
17,Influenza
12,Influenza
4,Unknown
9,Influenza
7,Influenza
12,Influenza
18,Influenza
9,Influenza
13,Influenza
7,Influenza
15,Unknown
14,Clostridium difficile
8,Influenza
20,Unknown
22,Influenza
15,Influenza
13,Coronavirus
16,Influenza
11,Influenza
11,Influenza
10,Influenza
17,Influenza
17,Influenza
21,Influenza
13,Influenza
8,Influenza
8,Influenza
11,Influenza
16,Influenza
11,Unknown
15,Influenza
25,Influenza
25,Influenza
10,Influenza
21,Influenza
14,Influenza
16,Influenza
8,Influenza
15,Unknown
8,Influenza
7,Unknown
11,Influenza
11,Unknown
8,Unknown
20,Unknown
7,Influenza
27,Influenza
8,Influenza
19,Unknown
15,Unknown
10,Unknown
12,Unknown
24,Influenza
16,Influenza
25,Unknown
15,Influenza
9,RSV
29,Influenza
22,Unknown
25,Influenza
23,Influenza
23,Influenza
11,Influenza
10,Influenza
9,Influenza
15,Influenza
22,Unknown
22,Influenza
8,Influenza
17,Influenza
25,Unknown
9,Unknown
11,Influenza
10,Influenza
16,Influenza
19,Influenza
26,Influenza
11,Influenza
19,Influenza
8,Influenza
13,Unknown
6,Influenza
8,Unknown
27,Unknown
9,Influenza
15,Influenza
20,Influenza
13,Influenza
15,Influenza
11,Influenza
22,Unknown
10,Influenza
15,Influenza
12,Influenza
10,Unknown
23,Influenza
18,Influenza
7,Unknown
10,Influenza
15,Influenza
15,Unknown
35,Influenza
8,Influenza
8,Influenza
11,Metapneumovirus
14,Influenza
18,Unknown
20,Influenza
12,Influenza
7,Influenza
12,RSV
9,Unknown
15,Unknown
15,Influenza
28,Influenza
13,Influenza
21,Influenza
8,Unknown
15,Influenza
14,Influenza
15,Influenza
28,Influenza
11,Influenza
27,Unknown
12,Unknown
14,Influenza
10,Influenza
5,Unknown
6,Influenza
16,Unknown
14,Unknown
11,Influenza
28,Influenza
14,Unknown
26,Influenza
14,Influenza
22,Influenza
8,Influenza
15,Influenza
15,Influenza
26,Influenza
12,Influenza
16,RSV
8,Unknown
27,Unknown
10,Unknown
28,Influenza
27,Influenza
15,Unknown
20,Unknown
14,Unknown
4,Unknown
7,Unknown
12,Unknown
28,Unknown
10,Unknown
17,Influenza
8,Influenza
9,Influenza
7,Influenza
15,Influenza
15,Influenza
9,Influenza
12,Unknown
9,Unknown
8,Influenza
6,Unknown
8,Influenza
23,RSV
9,Unknown
14,Influenza
132,Clostridium difficile
14,Unknown
14,Influenza
41,Unknown
10,Unknown
9,Influenza
22,Unknown
13,Influenza
18,RSV
12,Unknown
14,Influenza
9,Influenza
9,Influenza
8,Unknown
29,Unknown
6,Unknown
15,Rhinovirus
25,Rhinovirus
22,Influenza
7,Unknown
7,Unknown
8,Unknown
10,Unknown
18,Unknown
12,Unknown
13,Coronavirus
7,Influenza
7,RSV
8,Influenza
9,RSV
9,Influenza
16,Rhinovirus
14,Rhinovirus
14,Unknown
8,Influenza
8,Unknown
11,Rhinovirus
16,Influenza
10,Unknown
9,Unknown
11,Unknown
8,Rhinovirus
15,Influenza
15,Influenza
9,Rhinovirus
16,RSV
17,Unknown
8,Rhinovirus
31,Influenza
12,Unknown
9,Influenza
23,Unknown
16,Unknown
8,Unknown
9,Unknown
9,Unknown
20,Unknown
9,Unknown
13,Rhinovirus
15,Unknown
17,Unknown
7,Unknown
9,Influenza
11,Rhinovirus
13,Rhinovirus
12,Rhinovirus
7,Unknown
8,Rhinovirus
14,Rhinovirus
28,Rhinovirus
8,Rhinovirus
12,Rhinovirus
12,Unknown
8,Rhinovirus
19,Rhinovirus
17,Rhinovirus
15,Rhinovirus
10,Unknown
14,Influenza
21,Rhinovirus
14,Rhinovirus
8,Rhinovirus
22,Rhinovirus
31,Rhinovirus
33,Unknown
13,Rhinovirus
7,Rhinovirus
28,Rhinovirus
9,Rhinovirus
17,Rhinovirus
11,Rhinovirus
21,Influenza
5,Unknown
7,Adenovirus
17,Rhinovirus
8,Unknown
17,Influenza
13,Unknown
9,Rhinovirus
9,Rhinovirus
34,Unknown
13,Rhinovirus
24,Rhinovirus
14,Rhinovirus
7,Unknown
16,Unknown
7,Rhinovirus
28,Rhinovirus
9,Rhinovirus
7,Unknown
14,Rhinovirus
13,Influenza
57,Clostridium difficile
18,Rhinovirus
10,Influenza
8,Rhinovirus
33,Influenza
11,Rhinovirus
15,Rhinovirus
9,Unknown
10,Rhinovirus
19,Influenza
16,Rhinovirus
9,Influenza
9,Rhinovirus
9,Influenza
6,Metapneumovirus
6,Unknown
13,Unknown
16,Influenza
13,Rhinovirus
16,Coronavirus
8,Influenza
8,Influenza
23,Rhinovirus
17,Influenza
7,Influenza
25,Coronavirus
35,Influenza
9,Rhinovirus
9,Influenza
12,Influenza
8,Influenza
8,Influenza
13,Metapneumovirus
11,Influenza
8,Influenza
7,Influenza
17,RSV
9,Metapneumovirus
15,Influenza
15,RSV
3,Rhinovirus
15,Influenza
23,Rhinovirus
23,Coronavirus
16,Influenza
10,Rhinovirus
14,Coronavirus
8,Unknown
11,Metapneumovirus
18,Metapneumovirus
12,Metapneumovirus
21,Influenza
14,Influenza
11,Influenza
35,Coronavirus
15,Unknown
12,Influenza
18,Coronavirus
9,Influenza
14,Influenza
19,Influenza
15,Coronavirus
20,RSV
10,Influenza
6,Unknown
9,Influenza
5,Unknown
7,RSV
21,Influenza
17,Unknown
17,RSV
6,RSV
10,Influenza
9,Influenza
7,Influenza
16,Influenza
13,Influenza
7,Metapneumovirus
11,Unknown
6,Unknown
9,Unknown
10,Unknown
13,Unknown
16,Influenza
10,RSV
13,Coronavirus
17,Influenza
7,Influenza
13,Unknown
12,Unknown
13,Influenza
20,Unknown
12,Influenza
10,Influenza
4,Unknown
9,Coronavirus
12,Coronavirus
9,RSV
8,Metapneumovirus
17,Influenza
9,Influenza
11,Unknown
13,Influenza
12,Coronavirus
14,Coronavirus
9,Influenza
25,Influenza
18,Unknown
13,RSV
10,Influenza
14,RSV
7,Influenza
14,Unknown
10,Influenza
9,Influenza
10,Influenza
25,RSV
23,Influenza
11,Influenza
12,Influenza
12,Unknown
8,Influenza
7,Influenza
15,Influenza
20,Influenza
5,Influenza
16,Unknown
8,Unknown
18,Unknown
19,Influenza
11,Unknown
21,Influenza
25,Coronavirus
13,Influenza
9,Influenza
32,Unknown
38,RSV
8,Influenza
11,Coronavirus
10,Influenza
20,Influenza
9,Influenza
9,RSV
17,Influenza
11,Influenza
10,RSV
8,Influenza
42,Unknown
4,RSV
20,Influenza
7,RSV
18,Unknown
14,Unknown
15,Influenza
18,Influenza
21,Unknown
21,Influenza
14,Influenza
13,Influenza
8,Influenza
10,Influenza
4,Influenza
22,Influenza
11,Influenza
15,Influenza
11,Influenza
12,Influenza
16,Coronavirus
17,Influenza
3,Influenza
16,Influenza
8,Influenza
12,Influenza
21,RSV
11,Influenza
8,Influenza
17,Unknown
15,Metapneumovirus
9,Influenza
18,Influenza
11,Unknown
16,Influenza
18,Influenza
13,Unknown
24,RSV
10,Coronavirus
11,Unknown
14,Influenza
11,Influenza
15,Unknown
12,Influenza
11,Influenza
15,RSV
12,Influenza
20,RSV
15,Influenza
31,Unknown
9,Influenza
12,Influenza
9,Influenza
9,Influenza
8,RSV
14,Influenza
17,Coronavirus
12,Influenza
10,Influenza
8,Influenza
14,Influenza
15,Influenza
13,Influenza
7,Influenza
14,Influenza
17,Influenza
13,Coronavirus
26,RSV
12,Unknown
8,Unknown
11,Influenza
6,Unknown
5,Influenza
11,RSV
18,Unknown
13,Unknown
8,Influenza
12,Influenza
12,Influenza
9,RSV
24,Influenza
8,Influenza
25,Influenza
14,Influenza
6,Unknown
9,Influenza
12,Unknown
17,RSV
11,Influenza
9,Unknown
10,Influenza
15,Unknown
9,Influenza
19,Influenza
11,Influenza
