institution_type,causative_agent
LTCH,Coronavirus
LTCH,Coronavirus
LTCH,Coronavirus
LTCH,Influenza
Acute Care,Coronavirus
Retirement Home,Coronavirus
Retirement Home,RSV
LTCH,RSV
LTCH,RSV
LTCH,RSV
LTCH,Coronavirus
LTCH,Metapneumovirus
Retirement Home,Coronavirus
LTCH,Influenza
LTCH,RSV
LTCH,Influenza
LTCH,Coronavirus
Chronic Care,Coronavirus
Retirement Home,Coronavirus
LTCH,Coronavirus
LTCH,Coronavirus
Retirement Home,Unknown
LTCH,Coronavirus
Retirement Home,Coronavirus
LTCH,Coronavirus
Retirement Home,Coronavirus
Chronic Care,Influenza
Retirement Home,Coronavirus
LTCH,Coronavirus
Chronic Care,Coronavirus
Chronic Care,Coronavirus
LTCH,Metapneumovirus
Psychiatric,Coronavirus
LTCH,Unknown
LTCH,Coronavirus
LTCH,Coronavirus
Retirement Home,Coronavirus
LTCH,Influenza
Chronic Care,Coronavirus
LTCH,Unknown
Retirement Home,Coronavirus
LTCH,Unknown
Chronic Care,Coronavirus
Retirement Home,Coronavirus
Chronic Care,Coronavirus
Retirement Home,Coronavirus
Retirement Home,Coronavirus
Retirement Home,Coronavirus
Chronic Care,Metapneumovirus
Chronic Care,Coronavirus
Chronic Care,Norovirus
LTCH,Coronavirus
Retirement Home,Influenza
LTCH,Coronavirus
LTCH,RSV
Retirement Home,Coronavirus
Chronic Care,Coronavirus
Chronic Care,Coronavirus
LTCH,Influenza
LTCH,Coronavirus
LTCH,Unknown
LTCH,Coronavirus
Chronic Care,Influenza
LTCH,Coronavirus
Psychiatric,Coronavirus
LTCH,Coronavirus
Retirement Home,Coronavirus
Acute Care,Coronavirus
Retirement Home,Coronavirus
Chronic Care,Coronavirus
LTCH,Coronavirus
LTCH,Coronavirus
LTCH,Coronavirus
LTCH,Influenza
LTCH,Coronavirus
Chronic Care,Coronavirus
LTCH,Influenza
LTCH,Coronavirus
LTCH,Coronavirus
LTCH,Coronavirus
LTCH,Coronavirus
LTCH,Coronavirus
Acute Care,Coronavirus
Retirement Home,Coronavirus
Retirement Home,Coronavirus
LTCH,Coronavirus
Retirement Home,Coronavirus
Acute Care,Coronavirus
LTCH,Coronavirus
Chronic Care,Coronavirus
Acute Care,Coronavirus
Retirement Home,Coronavirus
LTCH,Coronavirus
LTCH,Coronavirus
Retirement Home,Unknown
Chronic Care,Coronavirus
LTCH,Coronavirus
Retirement Home,Coronavirus
LTCH,Coronavirus
LTCH,Coronavirus
LTCH,Coronavirus
Acute Care,Coronavirus
Acute Care,Coronavirus
Acute Care,Coronavirus
Chronic Care,Coronavirus
LTCH,Coronavirus
LTCH,Influenza
Chronic Care,Influenza
LTCH,Coronavirus
Psychiatric,Coronavirus
LTCH,Influenza
LTCH,Coronavirus
LTCH,Coronavirus
LTCH,Coronavirus
Acute Care,Coronavirus
LTCH,Coronavirus
LTCH,Coronavirus
LTCH,Coronavirus
LTCH,Coronavirus
Acute Care,Coronavirus
LTCH,Coronavirus
Acute Care,Unknown
LTCH,Influenza
Chronic Care,Coronavirus
LTCH,Coronavirus
Chronic Care,Coronavirus
Chronic Care,Coronavirus
LTCH,RSV
LTCH,Coronavirus
Acute Care,Coronavirus
Retirement Home,Influenza
LTCH,Coronavirus
LTCH,Coronavirus
LTCH,Coronavirus
LTCH,Coronavirus
LTCH,Coronavirus
Chronic Care,Coronavirus
LTCH,RSV
LTCH,Coronavirus
Retirement Home,RSV
LTCH,Coronavirus
Chronic Care,Coronavirus
Retirement Home,Influenza
Chronic Care,Coronavirus
Chronic Care,Coronavirus
LTCH,Coronavirus
LTCH,Influenza
Retirement Home,Coronavirus
Retirement Home,Coronavirus
LTCH,Coronavirus
Retirement Home,Coronavirus
Chronic Care,Coronavirus
Acute Care,Coronavirus
LTCH,Unknown
LTCH,Coronavirus
LTCH,Unknown
Retirement Home,Coronavirus
LTCH,Coronavirus
Retirement Home,Coronavirus
LTCH,Coronavirus
Chronic Care,Coronavirus
Acute Care,Coronavirus
LTCH,Coronavirus
Retirement Home,Coronavirus
LTCH,Coronavirus
Psychiatric,Coronavirus
Acute Care,Coronavirus
LTCH,Influenza
Retirement Home,Coronavirus
Acute Care,Coronavirus
Acute Care,Coronavirus
Retirement Home,RSV
LTCH,Coronavirus
Chronic Care,Coronavirus
LTCH,Rhinovirus
LTCH,Coronavirus
Chronic Care,Coronavirus
Chronic Care,Coronavirus
Acute Care,Coronavirus
Retirement Home,Coronavirus
Retirement Home,Coronavirus
Chronic Care,Coronavirus
LTCH,Unknown
Chronic Care,Coronavirus
Chronic Care,Coronavirus
Retirement Home,Coronavirus
LTCH,Coronavirus
Chronic Care,Coronavirus
Acute Care,Coronavirus
LTCH,Influenza
LTCH,Coronavirus
Chronic Care,Coronavirus
Chronic Care,Influenza
Chronic Care,Coronavirus
LTCH,Coronavirus
Chronic Care,Coronavirus
Chronic Care,Coronavirus
Chronic Care,Coronavirus
LTCH,Coronavirus
Retirement Home,Coronavirus
LTCH,Coronavirus
LTCH,Coronavirus
LTCH,Unknown
LTCH,Coronavirus
LTCH,Coronavirus
LTCH,Coronavirus
Chronic Care,Coronavirus
Acute Care,Coronavirus
LTCH,Unknown
Retirement Home,Coronavirus
LTCH,Coronavirus
Acute Care,Coronavirus
Chronic Care,Coronavirus
LTCH,RSV
Acute Care,Coronavirus
Chronic Care,Coronavirus
Retirement Home,Unknown
LTCH,Coronavirus
LTCH,Coronavirus
Chronic Care,Coronavirus
Retirement Home,Coronavirus
Chronic Care,Coronavirus
LTCH,Coronavirus
Psychiatric,Coronavirus
LTCH,Coronavirus
LTCH,Coronavirus
LTCH,Coronavirus
Retirement Home,Coronavirus
Chronic Care,Influenza
Chronic Care,Coronavirus
Acute Care,Coronavirus
LTCH,Coronavirus
Retirement Home,Coronavirus
LTCH,Coronavirus
LTCH,Coronavirus
LTCH,Coronavirus
LTCH,Coronavirus
Chronic Care,Coronavirus
Chronic Care,Coronavirus
Chronic Care,Coronavirus
Chronic Care,Coronavirus
Retirement Home,Coronavirus
Acute Care,Coronavirus
LTCH,Coronavirus
Acute Care,Coronavirus
Transitional Care,Coronavirus
LTCH,Coronavirus
LTCH,Coronavirus
LTCH,Coronavirus
Chronic Care,Coronavirus
Retirement Home,Coronavirus
Retirement Home,Coronavirus
Psychiatric,Coronavirus
LTCH,Coronavirus
LTCH,RSV
LTCH,Coronavirus
LTCH,Coronavirus
Chronic Care,Coronavirus
Retirement Home,Coronavirus
LTCH,Unknown
Chronic Care,Coronavirus
Chronic Care,Coronavirus
LTCH,Coronavirus
LTCH,Coronavirus
LTCH,Coronavirus
LTCH,Coronavirus
LTCH,Rhinovirus
LTCH,Coronavirus
Chronic Care,Coronavirus
LTCH,Unknown
LTCH,Coronavirus
LTCH,Coronavirus
Acute Care,Coronavirus
Acute Care,Coronavirus
LTCH,Coronavirus
Chronic Care,Coronavirus
Acute Care,Coronavirus
Retirement Home,Coronavirus
LTCH,Coronavirus
LTCH,Coronavirus
LTCH,Influenza
LTCH,Coronavirus
LTCH,Coronavirus
Chronic Care,Coronavirus
LTCH,Influenza
LTCH,Coronavirus
Acute Care,Coronavirus
Acute Care,Coronavirus
LTCH,Coronavirus
LTCH,Unknown
LTCH,Unknown
LTCH,Coronavirus
LTCH,Coronavirus
Acute Care,Streptococcus
Retirement Home,Coronavirus
LTCH,Coronavirus
LTCH,Coronavirus
Retirement Home,Coronavirus
LTCH,Coronavirus
LTCH,Unknown
LTCH,Coronavirus
Chronic Care,Coronavirus
LTCH,Coronavirus
Retirement Home,Coronavirus
Retirement Home,Coronavirus
Retirement Home,Coronavirus
Retirement Home,Coronavirus
LTCH,Coronavirus
LTCH,Coronavirus
LTCH,Coronavirus
LTCH,Influenza
Retirement Home,Coronavirus
LTCH,Coronavirus
LTCH,Influenza
LTCH,Coronavirus
Retirement Home,Coronavirus
LTCH,Coronavirus
Acute Care,Coronavirus
Chronic Care,Coronavirus
LTCH,Coronavirus
LTCH,Rhinovirus
LTCH,Coronavirus
Acute Care,Coronavirus
Retirement Home,Coronavirus
LTCH,Coronavirus
Acute Care,Coronavirus
Chronic Care,Coronavirus
Retirement Home,Coronavirus
LTCH,Coronavirus
Retirement Home,Coronavirus
Retirement Home,Coronavirus
Retirement Home,Coronavirus
LTCH,Coronavirus
Retirement Home,Coronavirus
LTCH,Coronavirus
Acute Care,Coronavirus
LTCH,Coronavirus
Retirement Home,Coronavirus
LTCH,Coronavirus
LTCH,Coronavirus
LTCH,Coronavirus
LTCH,Coronavirus
Acute Care,Coronavirus
Transitional Care,Coronavirus
LTCH,Influenza
LTCH,Coronavirus
LTCH,Coronavirus
LTCH,Coronavirus
LTCH,Coronavirus
Acute Care,Coronavirus
LTCH,RSV
LTCH,Coronavirus
Retirement Home,Coronavirus
LTCH,RSV
LTCH,Coronavirus
LTCH,Coronavirus
Chronic Care,Coronavirus
LTCH,Coronavirus
Retirement Home,Coronavirus
LTCH,Coronavirus
Chronic Care,Coronavirus
LTCH,Rhinovirus
Retirement Home,Coronavirus
Retirement Home,Coronavirus
LTCH,Coronavirus
Retirement Home,Coronavirus
Retirement Home,Rhinovirus
Retirement Home,Unknown
LTCH,Coronavirus
LTCH,Rhinovirus
LTCH,Coronavirus
Acute Care,Coronavirus
Chronic Care,Coronavirus
LTCH,Coronavirus
Retirement Home,Coronavirus
LTCH,Coronavirus
Chronic Care,Coronavirus
LTCH,Coronavirus
LTCH,Rhinovirus
Chronic Care,Coronavirus
Chronic Care,Coronavirus
LTCH,Coronavirus
LTCH,Coronavirus
LTCH,Rhinovirus
LTCH,Coronavirus
LTCH,Coronavirus
Chronic Care,Coronavirus
Chronic Care,Coronavirus
Acute Care,Coronavirus
LTCH,Rhinovirus
Retirement Home,Coronavirus
LTCH,Coronavirus
LTCH,Coronavirus
LTCH,Rhinovirus
LTCH,Coronavirus
Retirement Home,Rhinovirus
LTCH,Coronavirus
LTCH,Coronavirus
LTCH,Rhinovirus
LTCH,Coronavirus
Acute Care,Coronavirus
Acute Care,Coronavirus
LTCH,Norovirus
Retirement Home,Coronavirus
LTCH,Influenza
LTCH,Rhinovirus
LTCH,Coronavirus
Chronic Care,Coronavirus
Psychiatric,Unknown
Retirement Home,Coronavirus
LTCH,Coronavirus
LTCH,Unknown
LTCH,Coronavirus
Chronic Care,Coronavirus
Transitional Care,Coronavirus
LTCH,Unknown
LTCH,Rhinovirus
LTCH,Coronavirus
LTCH,Rhinovirus
Retirement Home,Coronavirus
LTCH,Coronavirus
LTCH,Coronavirus
LTCH,Coronavirus
Retirement Home,Coronavirus
Retirement Home,Rhinovirus
Retirement Home,Coronavirus
Chronic Care,Coronavirus
Transitional Care,Coronavirus
LTCH,Coronavirus
LTCH,Coronavirus
Acute Care,Coronavirus
Acute Care,Coronavirus
LTCH,Coronavirus
LTCH,Coronavirus
LTCH,Rhinovirus
LTCH,Coronavirus
LTCH,Coronavirus
LTCH,Influenza
LTCH,Coronavirus
Chronic Care,Coronavirus
Chronic Care,Coronavirus
LTCH,Unknown
Retirement Home,Coronavirus
Chronic Care,Coronavirus
Chronic Care,Rhinovirus
Retirement Home,Coronavirus
LTCH,Influenza
LTCH,Coronavirus
Chronic Care,Coronavirus
Retirement Home,Coronavirus
Chronic Care,Coronavirus
LTCH,Coronavirus
LTCH,Rhinovirus
LTCH,Coronavirus
LTCH,Rhinovirus
Retirement Home,Coronavirus
LTCH,Coronavirus
Retirement Home,Unknown
Acute Care,Coronavirus
LTCH,Coronavirus
Retirement Home,Coronavirus
Retirement Home,Unknown
Retirement Home,Rhinovirus
Acute Care,Coronavirus
Chronic Care,Rhinovirus
LTCH,Coronavirus
Retirement Home,Coronavirus
LTCH,Unknown
LTCH,Coronavirus
Acute Care,Coronavirus
LTCH,Coronavirus
LTCH,Coronavirus
LTCH,Coronavirus
LTCH,Rhinovirus
LTCH,Rhinovirus
LTCH,Rhinovirus
LTCH,Rhinovirus
LTCH,Coronavirus
Transitional Care,Coronavirus
LTCH,Coronavirus
LTCH,Coronavirus
LTCH,Coronavirus
Acute Care,Coronavirus
LTCH,Coronavirus
LTCH,Coronavirus
Retirement Home,Coronavirus
LTCH,Rhinovirus
LTCH,Coronavirus
Retirement Home,Coronavirus
LTCH,Coronavirus
LTCH,Rhinovirus
LTCH,Rhinovirus
LTCH,Rhinovirus
LTCH,Rhinovirus
LTCH,Rhinovirus
LTCH,Coronavirus
Psychiatric,Coronavirus
LTCH,Rhinovirus
LTCH,Rhinovirus
LTCH,Rhinovirus
Retirement Home,Coronavirus
LTCH,Rhinovirus
LTCH,Coronavirus
Psychiatric,Unknown
Retirement Home,Coronavirus
Chronic Care,Coronavirus
LTCH,Unknown
LTCH,Rhinovirus
LTCH,Coronavirus
LTCH,Rhinovirus
Acute Care,Coronavirus
LTCH,Coronavirus
LTCH,Coronavirus
LTCH,Coronavirus
LTCH,Rhinovirus
LTCH,Coronavirus
Retirement Home,Rhinovirus
LTCH,Rhinovirus
LTCH,Coronavirus
Retirement Home,Coronavirus
Acute Care,Coronavirus
Retirement Home,Rhinovirus
Retirement Home,Coronavirus
LTCH,Rhinovirus
LTCH,Coronavirus
LTCH,Unknown
LTCH,Coronavirus
LTCH,Rhinovirus
LTCH,Coronavirus
LTCH,Rhinovirus
Transitional Care,Coronavirus
LTCH,Rhinovirus
LTCH,Rhinovirus
LTCH,Coronavirus
LTCH,Unknown
Psychiatric,Unknown
LTCH,Coronavirus
Retirement Home,Coronavirus
LTCH,Coronavirus
Retirement Home,Coronavirus
Acute Care,Coronavirus
LTCH,Rhinovirus
LTCH,Coronavirus
LTCH,Rhinovirus
LTCH,Influenza
LTCH,Influenza
LTCH,Coronavirus
LTCH,Rhinovirus
LTCH,Rhinovirus
LTCH,Rhinovirus
LTCH,Coronavirus
LTCH,Coronavirus
LTCH,Rhinovirus
LTCH,Unknown
LTCH,Rhinovirus
LTCH,Coronavirus
LTCH,Coronavirus
Psychiatric,Unknown
Psychiatric,Unknown
LTCH,Rhinovirus
Retirement Home,Coronavirus
LTCH,Coronavirus
Retirement Home,Coronavirus
LTCH,Unknown
LTCH,Coronavirus
LTCH,Metapneumovirus
Retirement Home,Unknown
LTCH,Rhinovirus
Retirement Home,Coronavirus
Retirement Home,Rhinovirus
LTCH,Rhinovirus
Retirement Home,Unknown
LTCH,RSV
LTCH,Norovirus
Acute Care,Coronavirus
LTCH,Rhinovirus
LTCH,Rhinovirus
LTCH,Coronavirus
LTCH,Unknown
LTCH,Rhinovirus
LTCH,Rhinovirus
LTCH,Influenza
LTCH,Rhinovirus
LTCH,Rhinovirus
LTCH,Coronavirus
Retirement Home,Rhinovirus
LTCH,Coronavirus
Chronic Care,Coronavirus
LTCH,Rhinovirus
LTCH,Rhinovirus
LTCH,Rhinovirus
Retirement Home,Coronavirus
LTCH,Rhinovirus
LTCH,Coronavirus
LTCH,Rhinovirus
LTCH,Metapneumovirus
LTCH,Coronavirus
LTCH,Rhinovirus
Retirement Home,Coronavirus
LTCH,Unknown
LTCH,Coronavirus
Acute Care,Coronavirus
Acute Care,Coronavirus
Acute Care,Influenza
LTCH,Influenza
LTCH,Unknown
Retirement Home,Influenza
LTCH,Coronavirus
LTCH,Coronavirus
LTCH,Coronavirus
LTCH,Coronavirus
LTCH,Rhinovirus
LTCH,Coronavirus
LTCH,Influenza
LTCH,Influenza
LTCH,Metapneumovirus
LTCH,Rhinovirus
LTCH,Unknown
LTCH,Rhinovirus
LTCH,Coronavirus
Retirement Home,Coronavirus
LTCH,Coronavirus
LTCH,Coronavirus
Acute Care,Coronavirus
Retirement Home,Unknown
LTCH,Metapneumovirus
Chronic Care,Coronavirus
LTCH,Coronavirus
LTCH,Influenza
Chronic Care,Coronavirus
LTCH,Rhinovirus
Retirement Home,Coronavirus
LTCH,Coronavirus
LTCH,Influenza
LTCH,Coronavirus
LTCH,Unknown
Chronic Care,Coronavirus
LTCH,Coronavirus
LTCH,Coronavirus
LTCH,Coronavirus
Retirement Home,Rhinovirus
Retirement Home,Coronavirus
Retirement Home,Coronavirus
LTCH,Coronavirus
LTCH,Coronavirus
LTCH,Coronavirus
Retirement Home,Coronavirus
Retirement Home,Coronavirus
LTCH,Influenza
LTCH,Coronavirus
LTCH,Unknown
LTCH,Coronavirus
Retirement Home,Rhinovirus
LTCH,Coronavirus
Retirement Home,Coronavirus
LTCH,Coronavirus
LTCH,Coronavirus
LTCH,Coronavirus
LTCH,Coronavirus
LTCH,Coronavirus
LTCH,Coronavirus
Acute Care,Influenza
LTCH,Coronavirus
Acute Care,Coronavirus
Transitional Care,Coronavirus
LTCH,Coronavirus
Chronic Care,Coronavirus
Acute Care,Coronavirus
LTCH,Coronavirus
Acute Care,Coronavirus
Retirement Home,Unknown
LTCH,Coronavirus
LTCH,Coronavirus
Chronic Care,Coronavirus
LTCH,Coronavirus
Retirement Home,Norovirus
LTCH,Coronavirus
Psychiatric,Coronavirus
LTCH,RSV
LTCH,Metapneumovirus
Acute Care,Coronavirus
Retirement Home,Coronavirus
LTCH,Coronavirus
LTCH,RSV
Psychiatric,Coronavirus
LTCH,Coronavirus
Retirement Home,Coronavirus
LTCH,Coronavirus
LTCH,Coronavirus
LTCH,Coronavirus
LTCH,Coronavirus
LTCH,Coronavirus
Chronic Care,Metapneumovirus
Acute Care,Coronavirus
LTCH,Coronavirus
LTCH,Coronavirus
LTCH,Coronavirus
Retirement Home,Coronavirus
Retirement Home,Coronavirus
Chronic Care,Influenza
Psychiatric,Coronavirus
LTCH,RSV
LTCH,Coronavirus
Acute Care,RSV
Retirement Home,Coronavirus
LTCH,Coronavirus
LTCH,Metapneumovirus
LTCH,Coronavirus
LTCH,Coronavirus
LTCH,Metapneumovirus
LTCH,Coronavirus
LTCH,RSV
LTCH,RSV
Retirement Home,Coronavirus
LTCH,Coronavirus
LTCH,Metapneumovirus
Acute Care,Unknown
LTCH,Rhinovirus
Chronic Care,Coronavirus
Psychiatric,Streptococcus
LTCH,Coronavirus
Retirement Home,Coronavirus
Chronic Care,Norovirus
LTCH,Rhinovirus
Acute Care,Coronavirus
Acute Care,Coronavirus
Retirement Home,Coronavirus
Retirement Home,Coronavirus
LTCH,Coronavirus
LTCH,Unknown
LTCH,Influenza
LTCH,Coronavirus
LTCH,Metapneumovirus
LTCH,Coronavirus
LTCH,Metapneumovirus
LTCH,Coronavirus
LTCH,Rhinovirus
LTCH,Coronavirus
Chronic Care,Coronavirus
LTCH,Rhinovirus
LTCH,Coronavirus
LTCH,Rhinovirus
Chronic Care,Coronavirus
Retirement Home,Coronavirus
Retirement Home,Coronavirus
LTCH,Metapneumovirus
LTCH,Coronavirus
Acute Care,Norovirus
Acute Care,Coronavirus
Acute Care,Coronavirus
Acute Care,Coronavirus
LTCH,Coronavirus
Transitional Care,Coronavirus
Chronic Care,Coronavirus
Retirement Home,Coronavirus
Acute Care,Influenza
LTCH,Coronavirus
Retirement Home,Coronavirus
Transitional Care,Coronavirus
LTCH,Unknown
Transitional Care,Coronavirus
Retirement Home,Coronavirus
LTCH,Rhinovirus
LTCH,Coronavirus
LTCH,Unknown
Chronic Care,Norovirus
LTCH,Coronavirus
Acute Care,Coronavirus
LTCH,RSV
LTCH,RSV
Acute Care,Coronavirus
LTCH,Metapneumovirus
LTCH,Rhinovirus
Retirement Home,Coronavirus
Chronic Care,Coronavirus
Acute Care,Influenza
Chronic Care,Coronavirus
Retirement Home,Coronavirus
LTCH,Coronavirus
Retirement Home,Coronavirus
LTCH,RSV
Retirement Home,Coronavirus
Chronic Care,Coronavirus
LTCH,Coronavirus
LTCH,Coronavirus
LTCH,Coronavirus
Acute Care,CPE
Retirement Home,Coronavirus
Retirement Home,Metapneumovirus
Chronic Care,Coronavirus
LTCH,Coronavirus
LTCH,Coronavirus
LTCH,Influenza
LTCH,Metapneumovirus
LTCH,Coronavirus
LTCH,Influenza
LTCH,Coronavirus
Retirement Home,Norovirus
Chronic Care,Coronavirus
LTCH,Coronavirus
LTCH,Metapneumovirus
Chronic Care,Coronavirus
LTCH,Coronavirus
Retirement Home,Coronavirus
LTCH,Coronavirus
LTCH,Coronavirus
LTCH,Unknown
Retirement Home,Influenza
LTCH,Coronavirus
Acute Care,Metapneumovirus
Acute Care,Coronavirus
LTCH,Coronavirus
LTCH,RSV
Retirement Home,Unknown
Retirement Home,Unknown
LTCH,Metapneumovirus
Acute Care,Norovirus
LTCH,Coronavirus
Retirement Home,Coronavirus
LTCH,Unknown
LTCH,Coronavirus
Acute Care,Coronavirus
LTCH,Coronavirus
LTCH,Coronavirus
LTCH,Coronavirus
LTCH,Unknown
LTCH,Coronavirus
Chronic Care,Coronavirus
LTCH,Rhinovirus
Chronic Care,Coronavirus
LTCH,Coronavirus
LTCH,Coronavirus
Retirement Home,RSV
LTCH,Coronavirus
LTCH,Unknown
Retirement Home,Coronavirus
Acute Care,Coronavirus
LTCH,Coronavirus
Retirement Home,Coronavirus
Chronic Care,Coronavirus
Chronic Care,Coronavirus
Retirement Home,Unknown
Chronic Care,Coronavirus
LTCH,Unknown
LTCH,RSV
LTCH,Coronavirus
LTCH,Metapneumovirus
Acute Care,Coronavirus
Acute Care,Coronavirus
Retirement Home,Coronavirus
LTCH,Rhinovirus
LTCH,Coronavirus
LTCH,Coronavirus
Acute Care,Coronavirus
LTCH,Norovirus
LTCH,Rhinovirus
Transitional Care,Coronavirus
LTCH,Coronavirus
LTCH,Coronavirus
LTCH,RSV
Chronic Care,Metapneumovirus
Chronic Care,Rhinovirus
Acute Care,Influenza
LTCH,Coronavirus
LTCH,Coronavirus
Retirement Home,Coronavirus
LTCH,Rhinovirus
Chronic Care,RSV
LTCH,Unknown
Chronic Care,Coronavirus
Acute Care,Coronavirus
LTCH,Norovirus
Chronic Care,Coronavirus
LTCH,Unknown
LTCH,Rhinovirus
LTCH,Coronavirus
Acute Care,Coronavirus
LTCH,Coronavirus
LTCH,Rhinovirus
LTCH,Influenza
Retirement Home,Coronavirus
Retirement Home,Coronavirus
LTCH,Coronavirus
Psychiatric,Coronavirus
LTCH,Norovirus
LTCH,Influenza
LTCH,Coronavirus
Retirement Home,Coronavirus
Acute Care,Coronavirus
LTCH,Coronavirus
Retirement Home,Coronavirus
LTCH,Coronavirus
Retirement Home,Unknown
LTCH,Unknown
LTCH,Coronavirus
Retirement Home,Coronavirus
LTCH,Coronavirus
LTCH,Rhinovirus
LTCH,Coronavirus
LTCH,Rhinovirus
LTCH,Rhinovirus
LTCH,Coronavirus
Chronic Care,Norovirus
LTCH,Coronavirus
Retirement Home,Coronavirus
Acute Care,CPE
LTCH,Coronavirus
Chronic Care,Coronavirus
LTCH,RSV
Acute Care,Coronavirus
LTCH,Coronavirus
LTCH,Coronavirus
LTCH,RSV
LTCH,Coronavirus
Retirement Home,RSV
Acute Care,Coronavirus
Chronic Care,Rhinovirus
LTCH,Coronavirus
LTCH,Coronavirus
LTCH,Influenza
LTCH,Coronavirus
LTCH,Coronavirus
Acute Care,Coronavirus
LTCH,Unknown
LTCH,Coronavirus
Retirement Home,Coronavirus
LTCH,Coronavirus
Acute Care,Coronavirus
Chronic Care,Coronavirus
LTCH,Coronavirus
LTCH,Unknown
Retirement Home,Norovirus
LTCH,RSV
LTCH,Influenza
Chronic Care,Coronavirus
LTCH,Influenza
Retirement Home,Influenza
Retirement Home,Norovirus
Retirement Home,Coronavirus
Retirement Home,Coronavirus
LTCH,Influenza
LTCH,Unknown
LTCH,Coronavirus
LTCH,RSV
Acute Care,Coronavirus
Psychiatric,Coronavirus
LTCH,Coronavirus
Chronic Care,Coronavirus
LTCH,Metapneumovirus
LTCH,Coronavirus
LTCH,RSV
LTCH,Coronavirus
LTCH,Coronavirus
LTCH,Coronavirus
LTCH,Influenza
LTCH,Coronavirus
LTCH,Metapneumovirus
LTCH,Rhinovirus
LTCH,Unknown
LTCH,RSV
LTCH,RSV
LTCH,Coronavirus
Acute Care,Coronavirus
LTCH,RSV
Retirement Home,Coronavirus
Acute Care,Coronavirus
Chronic Care,Coronavirus
LTCH,Coronavirus
LTCH,RSV
LTCH,RSV
Acute Care,Coronavirus
Retirement Home,Coronavirus
Acute Care,Coronavirus
Retirement Home,Unknown
LTCH,Coronavirus
LTCH,Influenza
LTCH,Coronavirus
Acute Care,Coronavirus
LTCH,Influenza
Acute Care,Coronavirus
LTCH,Coronavirus
Acute Care,Coronavirus
Chronic Care,Influenza
LTCH,Coronavirus
LTCH,Coronavirus
LTCH,Unknown
Retirement Home,Coronavirus
Chronic Care,Coronavirus
LTCH,Coronavirus
LTCH,Influenza
Retirement Home,RSV
Retirement Home,Norovirus
LTCH,Coronavirus
Retirement Home,Coronavirus
Retirement Home,Coronavirus
Transitional Care,Coronavirus
Retirement Home,Coronavirus
Acute Care,Influenza
LTCH,Coronavirus
Chronic Care,Coronavirus
LTCH,Unknown
LTCH,Unknown
Psychiatric,Coronavirus
LTCH,Rhinovirus
Retirement Home,Influenza
LTCH,RSV
LTCH,Unknown
LTCH,Coronavirus
Chronic Care,Coronavirus
Chronic Care,Coronavirus
Retirement Home,Coronavirus
Retirement Home,Unknown
LTCH,RSV
LTCH,Coronavirus
LTCH,Coronavirus
LTCH,Rhinovirus
Retirement Home,Influenza
Acute Care,Coronavirus
Acute Care,RSV
Retirement Home,Coronavirus
Retirement Home,Coronavirus
Retirement Home,Coronavirus
Retirement Home,RSV
LTCH,RSV
Retirement Home,Unknown
Chronic Care,Coronavirus
Chronic Care,Coronavirus
Chronic Care,Coronavirus
Retirement Home,Coronavirus
Transitional Care,Coronavirus
Retirement Home,Coronavirus
LTCH,Coronavirus
Retirement Home,Coronavirus
LTCH,Coronavirus
Chronic Care,Coronavirus
Acute Care,Coronavirus
Retirement Home,Norovirus
LTCH,RSV
LTCH,Coronavirus
Acute Care,Coronavirus
Retirement Home,RSV
Retirement Home,Coronavirus
Retirement Home,Unknown
Retirement Home,Coronavirus
LTCH,Coronavirus
Acute Care,Coronavirus
Chronic Care,Coronavirus
LTCH,Influenza
LTCH,RSV
LTCH,Influenza
LTCH,Coronavirus
LTCH,Coronavirus
LTCH,Coronavirus
Retirement Home,Coronavirus
Acute Care,Coronavirus
LTCH,Coronavirus
Chronic Care,Coronavirus
LTCH,Coronavirus
Chronic Care,RSV
Acute Care,Coronavirus
Retirement Home,Coronavirus
LTCH,Coronavirus
Chronic Care,Coronavirus
LTCH,Coronavirus
LTCH,Coronavirus
LTCH,Influenza
LTCH,Influenza
Retirement Home,Coronavirus
LTCH,Coronavirus
Retirement Home,RSV
Retirement Home,Coronavirus
LTCH,Coronavirus
LTCH,RSV
LTCH,Coronavirus
LTCH,Coronavirus
LTCH,Coronavirus
LTCH,Coronavirus
Chronic Care,Coronavirus
LTCH,Coronavirus
Chronic Care,Coronavirus
Acute Care,Coronavirus
LTCH,Coronavirus
LTCH,Coronavirus
LTCH,Coronavirus
LTCH,Unknown
Acute Care,CPE
Chronic Care,Coronavirus
LTCH,Coronavirus
LTCH,Coronavirus
Retirement Home,Coronavirus
Acute Care,Coronavirus
LTCH,RSV
LTCH,RSV
LTCH,Unknown
Retirement Home,Influenza
Acute Care,Coronavirus
LTCH,Unknown
LTCH,Coronavirus
LTCH,Coronavirus
LTCH,RSV
Retirement Home,Unknown
Psychiatric,Coronavirus
Chronic Care,Coronavirus
Chronic Care,Coronavirus
Acute Care,Coronavirus
LTCH,Coronavirus
Retirement Home,Coronavirus
Acute Care,Coronavirus
Chronic Care,RSV
Acute Care,Coronavirus
LTCH,Influenza
Transitional Care,Coronavirus
Retirement Home,Coronavirus
Acute Care,Coronavirus
Retirement Home,Unknown
Chronic Care,Coronavirus
LTCH,RSV
LTCH,Coronavirus
LTCH,Coronavirus
Chronic Care,Coronavirus
Acute Care,Coronavirus
Acute Care,Coronavirus
LTCH,Influenza
LTCH,Coronavirus
Transitional Care,Coronavirus
Chronic Care,Coronavirus
Retirement Home,Coronavirus
Acute Care,Coronavirus
LTCH,Unknown
LTCH,RSV
Acute Care,Coronavirus
LTCH,Coronavirus
Chronic Care,Coronavirus
LTCH,Coronavirus
Acute Care,Coronavirus
Acute Care,Coronavirus
LTCH,Coronavirus
LTCH,Coronavirus
Acute Care,Coronavirus
Retirement Home,Unknown
LTCH,Coronavirus
Retirement Home,RSV
LTCH,Rhinovirus
LTCH,Coronavirus
Retirement Home,Coronavirus
LTCH,Coronavirus
Chronic Care,Coronavirus
Retirement Home,Coronavirus
LTCH,Influenza
LTCH,RSV
Chronic Care,Coronavirus
Acute Care,Coronavirus
Retirement Home,Unknown
Retirement Home,Influenza
LTCH,Influenza
Chronic Care,RSV
LTCH,RSV
LTCH,Coronavirus
Acute Care,Coronavirus
Acute Care,Coronavirus
LTCH,Coronavirus
LTCH,Coronavirus
LTCH,Influenza
LTCH,Coronavirus
LTCH,Coronavirus
LTCH,Unknown
LTCH,Coronavirus
Acute Care,Coronavirus
Chronic Care,Coronavirus
Retirement Home,Unknown
LTCH,RSV
LTCH,Influenza
LTCH,Coronavirus
LTCH,Coronavirus
Retirement Home,RSV
LTCH,Coronavirus
LTCH,Coronavirus
LTCH,Coronavirus
Chronic Care,Coronavirus
Retirement Home,Coronavirus
Chronic Care,Coronavirus
Retirement Home,Coronavirus
Acute Care,Coronavirus
LTCH,Coronavirus
Chronic Care,Coronavirus
Retirement Home,Rhinovirus
Chronic Care,Coronavirus
LTCH,Influenza
Acute Care,Coronavirus
LTCH,Coronavirus
Retirement Home,Coronavirus
LTCH,Coronavirus
LTCH,Coronavirus
LTCH,RSV
Retirement Home,Coronavirus
Acute Care,Unknown
Chronic Care,Coronavirus
LTCH,Coronavirus
Acute Care,Influenza
LTCH,Influenza
LTCH,Influenza
LTCH,Influenza
LTCH,Influenza
LTCH,RSV
Retirement Home,Coronavirus
LTCH,Unknown
Retirement Home,Coronavirus
LTCH,Influenza
Chronic Care,Coronavirus
Retirement Home,Influenza
LTCH,Coronavirus
LTCH,Unknown
Chronic Care,Coronavirus
Chronic Care,Coronavirus
Acute Care,Coronavirus
LTCH,Coronavirus
Acute Care,Influenza
LTCH,Influenza
Retirement Home,Coronavirus
LTCH,Unknown
Retirement Home,Unknown
LTCH,Unknown
Retirement Home,Influenza
LTCH,Influenza
LTCH,Coronavirus
Retirement Home,Coronavirus
LTCH,RSV
LTCH,Coronavirus
Acute Care,Coronavirus
Acute Care,Coronavirus
LTCH,Coronavirus
Retirement Home,Influenza
Retirement Home,Coronavirus
Retirement Home,Coronavirus
Chronic Care,Coronavirus
LTCH,RSV
Chronic Care,Coronavirus
Retirement Home,Coronavirus
LTCH,Influenza
Chronic Care,Coronavirus
Retirement Home,Coronavirus
LTCH,Influenza
LTCH,Influenza
LTCH,Influenza
Chronic Care,Coronavirus
LTCH,Influenza
Acute Care,Influenza
Acute Care,Coronavirus
LTCH,Unknown
Acute Care,Coronavirus
LTCH,Coronavirus
LTCH,RSV
Retirement Home,Coronavirus
Chronic Care,Coronavirus
Retirement Home,Influenza
LTCH,Coronavirus
LTCH,Influenza
Chronic Care,Coronavirus
Chronic Care,Coronavirus
Chronic Care,Coronavirus
LTCH,Coronavirus
LTCH,RSV
LTCH,Influenza
LTCH,Coronavirus
Retirement Home,Coronavirus
LTCH,Coronavirus
Chronic Care,Coronavirus
Acute Care,Coronavirus
LTCH,Rhinovirus
Retirement Home,Coronavirus
LTCH,Unknown
Acute Care,Influenza
LTCH,Coronavirus
LTCH,RSV
LTCH,Coronavirus
LTCH,Coronavirus
Retirement Home,Coronavirus
Chronic Care,Coronavirus
LTCH,Rhinovirus
Retirement Home,Coronavirus
LTCH,Influenza
LTCH,Coronavirus
LTCH,Rhinovirus
LTCH,Influenza
Acute Care,Coronavirus
LTCH,Coronavirus
LTCH,Influenza
Acute Care,Coronavirus
LTCH,Coronavirus
LTCH,Coronavirus
Acute Care,Coronavirus
Chronic Care,Coronavirus
Chronic Care,Coronavirus
Chronic Care,Coronavirus
LTCH,Coronavirus
LTCH,Coronavirus
Acute Care,Coronavirus
Acute Care,Coronavirus
Acute Care,Influenza
LTCH,Coronavirus
Acute Care,Coronavirus
Retirement Home,Metapneumovirus
LTCH,Influenza
LTCH,Rhinovirus
LTCH,RSV
Chronic Care,Influenza
Retirement Home,Coronavirus
Acute Care,RSV
Chronic Care,Influenza
Psychiatric,Coronavirus
LTCH,Coronavirus
LTCH,Unknown
Retirement Home,RSV
Retirement Home,Coronavirus
Acute Care,Coronavirus
Acute Care,Coronavirus
Transitional Care,Coronavirus
Retirement Home,Coronavirus
LTCH,Coronavirus
Chronic Care,Coronavirus
Acute Care,Coronavirus
Retirement Home,Coronavirus
Acute Care,Coronavirus
LTCH,Coronavirus
LTCH,Coronavirus
Acute Care,Coronavirus
Acute Care,Coronavirus
Chronic Care,RSV
Chronic Care,Coronavirus
Retirement Home,Coronavirus
LTCH,Influenza
Chronic Care,Rhinovirus
Retirement Home,Coronavirus
Chronic Care,Coronavirus
Retirement Home,Coronavirus
Acute Care,Coronavirus
Retirement Home,Coronavirus
LTCH,Coronavirus
LTCH,Coronavirus
LTCH,Unknown
Acute Care,Coronavirus
Retirement Home,Coronavirus
LTCH,Rhinovirus
Acute Care,Coronavirus
Chronic Care,Coronavirus
Chronic Care,Coronavirus
Psychiatric,Coronavirus
Retirement Home,Coronavirus
Acute Care,Coronavirus
Acute Care,Coronavirus
Acute Care,Coronavirus
Chronic Care,Coronavirus
Retirement Home,Coronavirus
LTCH,Coronavirus
LTCH,Coronavirus
Retirement Home,Metapneumovirus
Acute Care,Coronavirus
Chronic Care,Coronavirus
Chronic Care,Coronavirus
LTCH,Coronavirus
Retirement Home,Coronavirus
Retirement Home,Coronavirus
Retirement Home,Coronavirus
Chronic Care,Coronavirus
Retirement Home,Coronavirus
LTCH,Unknown
Acute Care,Coronavirus
Retirement Home,Coronavirus
LTCH,Coronavirus
Retirement Home,Coronavirus
Acute Care,Coronavirus
LTCH,Coronavirus
Retirement Home,Coronavirus
Retirement Home,Coronavirus
LTCH,Coronavirus
LTCH,Coronavirus
LTCH,Coronavirus
Retirement Home,Coronavirus
Retirement Home,Coronavirus
LTCH,Coronavirus
Retirement Home,Coronavirus
Retirement Home,Coronavirus
LTCH,RSV
Acute Care,Coronavirus
Retirement Home,Coronavirus
Chronic Care,Coronavirus
LTCH,Coronavirus
Acute Care,Coronavirus
Retirement Home,RSV
Chronic Care,Coronavirus
Chronic Care,Coronavirus
Retirement Home,Coronavirus
Retirement Home,Coronavirus
Retirement Home,Coronavirus
Acute Care,Coronavirus
LTCH,Coronavirus
Acute Care,Coronavirus
Retirement Home,Unknown
LTCH,Coronavirus
Retirement Home,Coronavirus
LTCH,Coronavirus
Retirement Home,Coronavirus
LTCH,Coronavirus
Acute Care,Coronavirus
Chronic Care,Coronavirus
LTCH,Rhinovirus
Retirement Home,Coronavirus
LTCH,Coronavirus
LTCH,Coronavirus
Acute Care,Coronavirus
LTCH,Coronavirus
Acute Care,Coronavirus
Acute Care,Coronavirus
LTCH,Coronavirus
LTCH,Coronavirus
Retirement Home,Coronavirus
LTCH,Coronavirus
Chronic Care,Coronavirus
LTCH,Coronavirus
Transitional Care,Coronavirus
Acute Care,Coronavirus
Retirement Home,Metapneumovirus
Retirement Home,Coronavirus
LTCH,Coronavirus
Acute Care,Coronavirus
Chronic Care,Coronavirus
LTCH,Coronavirus
Acute Care,Coronavirus
Acute Care,Coronavirus
LTCH,Coronavirus
LTCH,Coronavirus
Retirement Home,Coronavirus
LTCH,Coronavirus
Retirement Home,Coronavirus
Acute Care,Coronavirus
LTCH,Coronavirus
Retirement Home,Coronavirus
Acute Care,Coronavirus
Retirement Home,Coronavirus
LTCH,Coronavirus
Chronic Care,Coronavirus
LTCH,Coronavirus
LTCH,Coronavirus
Acute Care,Coronavirus
Acute Care,Coronavirus
Chronic Care,Coronavirus
Chronic Care,Coronavirus
LTCH,Coronavirus
Chronic Care,Coronavirus
LTCH,Coronavirus
LTCH,Coronavirus
Chronic Care,Coronavirus
Acute Care,Coronavirus
LTCH,Rhinovirus
LTCH,Coronavirus
Acute Care,Coronavirus
Acute Care,Coronavirus
LTCH,Coronavirus
LTCH,Coronavirus
LTCH,Coronavirus
Chronic Care,Coronavirus
LTCH,Unknown
LTCH,Coronavirus
Acute Care,Coronavirus
LTCH,Coronavirus
Chronic Care,Coronavirus
Retirement Home,Coronavirus
Retirement Home,Coronavirus
LTCH,Coronavirus
LTCH,Coronavirus
LTCH,Coronavirus
LTCH,Coronavirus
Chronic Care,Coronavirus
LTCH,Rhinovirus
Retirement Home,Coronavirus
Retirement Home,Coronavirus
LTCH,Unknown
Acute Care,Coronavirus
Acute Care,Coronavirus
Acute Care,Coronavirus
LTCH,Coronavirus
Chronic Care,Coronavirus
LTCH,Rhinovirus
Retirement Home,Coronavirus
LTCH,Coronavirus
LTCH,Coronavirus
Chronic Care,Coronavirus
Chronic Care,Coronavirus
Retirement Home,Coronavirus
Acute Care,Coronavirus
Chronic Care,Coronavirus
LTCH,Coronavirus
Retirement Home,Coronavirus
Chronic Care,Coronavirus
LTCH,Coronavirus
LTCH,Coronavirus
LTCH,Coronavirus
Acute Care,Coronavirus
LTCH,Coronavirus
Chronic Care,Coronavirus
LTCH,Coronavirus
Retirement Home,Coronavirus
Acute Care,Coronavirus
LTCH,Coronavirus
Chronic Care,Coronavirus
LTCH,Coronavirus
Acute Care,Coronavirus
Retirement Home,Coronavirus
Acute Care,Coronavirus
Retirement Home,Coronavirus
Retirement Home,Coronavirus
LTCH,Coronavirus
LTCH,Coronavirus
LTCH,Coronavirus
Chronic Care,Coronavirus
Acute Care,Coronavirus
LTCH,Influenza
LTCH,Coronavirus
Acute Care,Coronavirus
Retirement Home,Coronavirus
LTCH,Coronavirus
LTCH,Coronavirus
Retirement Home,Coronavirus
LTCH,Coronavirus
LTCH,Unknown
LTCH,Coronavirus
Transitional Care,Coronavirus
Retirement Home,Coronavirus
Acute Care,Coronavirus
Acute Care,Coronavirus
Chronic Care,Coronavirus
Acute Care,Coronavirus
Retirement Home,Coronavirus
LTCH,Coronavirus
LTCH,Coronavirus
Acute Care,Coronavirus
LTCH,Coronavirus
Chronic Care,Coronavirus
Retirement Home,Coronavirus
LTCH,Coronavirus
Retirement Home,Coronavirus
Retirement Home,Rhinovirus
LTCH,Coronavirus
LTCH,Coronavirus
Acute Care,Coronavirus
Acute Care,Coronavirus
Chronic Care,Coronavirus
LTCH,Coronavirus
LTCH,Rhinovirus
LTCH,Unknown
LTCH,Influenza
LTCH,Coronavirus
Retirement Home,Coronavirus
LTCH,Coronavirus
LTCH,Coronavirus
Acute Care,Coronavirus
LTCH,Coronavirus
Chronic Care,Coronavirus
Acute Care,Coronavirus
LTCH,Coronavirus
Retirement Home,Coronavirus
Acute Care,Coronavirus
Retirement Home,Coronavirus
Chronic Care,Coronavirus
Retirement Home,Coronavirus
Acute Care,Coronavirus
Chronic Care,Coronavirus
LTCH,Coronavirus
Acute Care,Coronavirus
Acute Care,Coronavirus
Chronic Care,Coronavirus
Retirement Home,Coronavirus
Retirement Home,Coronavirus
Chronic Care,Coronavirus
Retirement Home,Coronavirus
LTCH,Unknown
Acute Care,Coronavirus
Chronic Care,Coronavirus
Acute Care,Coronavirus
Retirement Home,Coronavirus
LTCH,Coronavirus
LTCH,Coronavirus
LTCH,Coronavirus
LTCH,Coronavirus
Chronic Care,Coronavirus
LTCH,Coronavirus
Retirement Home,Coronavirus
LTCH,Coronavirus
LTCH,Rhinovirus
Retirement Home,Coronavirus
Retirement Home,Coronavirus
Acute Care,Coronavirus
LTCH,Coronavirus
LTCH,Coronavirus
Retirement Home,Coronavirus
Acute Care,Coronavirus
Psychiatric,Coronavirus
Acute Care,Coronavirus
Acute Care,Coronavirus
Chronic Care,Coronavirus
LTCH,Coronavirus
LTCH,Coronavirus
LTCH,Coronavirus
Retirement Home,Coronavirus
LTCH,Coronavirus
Retirement Home,Coronavirus
LTCH,Coronavirus
Chronic Care,Coronavirus
Chronic Care,Coronavirus
Chronic Care,Coronavirus
Acute Care,Coronavirus
LTCH,Coronavirus
LTCH,Coronavirus
LTCH,Coronavirus
Acute Care,Coronavirus
Retirement Home,Coronavirus
LTCH,Coronavirus
LTCH,Coronavirus
LTCH,Coronavirus
Acute Care,Coronavirus
Chronic Care,Coronavirus
Chronic Care,Coronavirus
LTCH,Coronavirus
LTCH,Coronavirus
LTCH,Coronavirus
Acute Care,Coronavirus
LTCH,Coronavirus
LTCH,Coronavirus
Chronic Care,Coronavirus
LTCH,Coronavirus
Chronic Care,Coronavirus
Retirement Home,Coronavirus
Acute Care,Coronavirus
Acute Care,Coronavirus
Chronic Care,Coronavirus
Retirement Home,Coronavirus
LTCH,Coronavirus
Acute Care,Coronavirus
Chronic Care,Coronavirus
Acute Care,Coronavirus
LTCH,Coronavirus
Acute Care,Coronavirus
Retirement Home,Coronavirus
LTCH,Coronavirus
Acute Care,Coronavirus
Acute Care,Coronavirus
LTCH,Coronavirus
Retirement Home,Coronavirus
Acute Care,Coronavirus
Acute Care,Coronavirus
Acute Care,Coronavirus
LTCH,Unknown
Retirement Home,Coronavirus
Acute Care,Coronavirus
LTCH,Coronavirus
Retirement Home,Coronavirus
LTCH,Coronavirus
Acute Care,CPE
Chronic Care,Coronavirus
Retirement Home,Coronavirus
LTCH,Coronavirus
Chronic Care,Coronavirus
LTCH,Coronavirus
Psychiatric,Coronavirus
Retirement Home,Coronavirus
Retirement Home,Coronavirus
LTCH,Coronavirus
LTCH,Coronavirus
Chronic Care,Coronavirus
Acute Care,Coronavirus
LTCH,Coronavirus
LTCH,Coronavirus
LTCH,Coronavirus
LTCH,Coronavirus
LTCH,Coronavirus
LTCH,Coronavirus
LTCH,Coronavirus
Acute Care,Coronavirus
LTCH,Coronavirus
Acute Care,Coronavirus
Acute Care,Coronavirus
Chronic Care,Coronavirus
Retirement Home,Coronavirus
Chronic Care,Coronavirus
Acute Care,Coronavirus
LTCH,Coronavirus
Acute Care,Coronavirus
LTCH,Coronavirus
LTCH,Coronavirus
Retirement Home,Coronavirus
LTCH,Coronavirus
LTCH,Coronavirus
LTCH,Coronavirus
Chronic Care,Coronavirus
Retirement Home,Coronavirus
Acute Care,Coronavirus
LTCH,Coronavirus
LTCH,Coronavirus
Acute Care,Coronavirus
LTCH,Coronavirus
LTCH,Coronavirus
LTCH,Coronavirus
LTCH,Coronavirus
LTCH,Coronavirus
Retirement Home,Coronavirus
LTCH,Coronavirus
Retirement Home,Coronavirus
Retirement Home,Coronavirus
LTCH,Coronavirus
Chronic Care,Coronavirus
Acute Care,Coronavirus
Acute Care,Coronavirus
Acute Care,Coronavirus
LTCH,Coronavirus
Retirement Home,Coronavirus
LTCH,Coronavirus
Acute Care,Coronavirus
LTCH,Rhinovirus
LTCH,Coronavirus
LTCH,Coronavirus
LTCH,Coronavirus
Acute Care,Coronavirus
LTCH,Coronavirus
LTCH,Rhinovirus
Acute Care,Coronavirus
Psychiatric,Coronavirus
LTCH,Coronavirus
LTCH,Metapneumovirus
Retirement Home,Coronavirus
LTCH,Coronavirus
Retirement Home,Coronavirus
LTCH,Coronavirus
LTCH,Metapneumovirus
Retirement Home,Coronavirus
LTCH,Coronavirus
LTCH,Coronavirus
LTCH,Coronavirus
LTCH,Coronavirus
LTCH,Coronavirus
Chronic Care,Coronavirus
Chronic Care,Coronavirus
LTCH,Rhinovirus
LTCH,Coronavirus
Acute Care,Coronavirus
Psychiatric,Coronavirus
LTCH,Coronavirus
LTCH,Coronavirus
LTCH,Coronavirus
Acute Care,Coronavirus
Retirement Home,Rhinovirus
LTCH,Coronavirus
Chronic Care,Coronavirus
LTCH,Coronavirus
Retirement Home,Coronavirus
LTCH,Coronavirus
LTCH,Coronavirus
LTCH,Rhinovirus
LTCH,Coronavirus
Retirement Home,Coronavirus
LTCH,Coronavirus
Acute Care,Coronavirus
Acute Care,Coronavirus
Retirement Home,Coronavirus
Chronic Care,Coronavirus
LTCH,Coronavirus
Psychiatric,Coronavirus
LTCH,Coronavirus
LTCH,Coronavirus
LTCH,Unknown
Retirement Home,Coronavirus
LTCH,Coronavirus
Acute Care,Coronavirus
LTCH,Coronavirus
LTCH,Coronavirus
Acute Care,Coronavirus
LTCH,Coronavirus
LTCH,Coronavirus
LTCH,Influenza
Acute Care,Rhinovirus
LTCH,Rhinovirus
LTCH,Coronavirus
LTCH,Coronavirus
LTCH,Coronavirus
LTCH,Coronavirus
Acute Care,Coronavirus
LTCH,Coronavirus
LTCH,Coronavirus
LTCH,Rhinovirus
LTCH,Coronavirus
LTCH,Unknown
Acute Care,Coronavirus
Chronic Care,Coronavirus
LTCH,Coronavirus
LTCH,Coronavirus
Chronic Care,Coronavirus
Retirement Home,RSV
LTCH,Coronavirus
LTCH,Coronavirus
Psychiatric,Coronavirus
Retirement Home,Coronavirus
LTCH,Coronavirus
Retirement Home,Coronavirus
LTCH,Coronavirus
Chronic Care,Coronavirus
Acute Care,Coronavirus
LTCH,Coronavirus
Retirement Home,Coronavirus
LTCH,Coronavirus
LTCH,Coronavirus
LTCH,Coronavirus
LTCH,Coronavirus
LTCH,Coronavirus
LTCH,Coronavirus
LTCH,Coronavirus
Retirement Home,Coronavirus
LTCH,Coronavirus
LTCH,Coronavirus
Retirement Home,Coronavirus
Acute Care,Coronavirus
LTCH,Coronavirus
Acute Care,Coronavirus
Acute Care,Coronavirus
Acute Care,Coronavirus
LTCH,Coronavirus
Retirement Home,Coronavirus
LTCH,Coronavirus
LTCH,Coronavirus
LTCH,Coronavirus
LTCH,Coronavirus
LTCH,Coronavirus
Acute Care,Coronavirus
Chronic Care,Coronavirus
Chronic Care,Coronavirus
Retirement Home,Coronavirus
Acute Care,Coronavirus
LTCH,Coronavirus
LTCH,Coronavirus
LTCH,Coronavirus
Acute Care,Coronavirus
LTCH,Coronavirus
LTCH,Coronavirus
LTCH,Coronavirus
Chronic Care,Coronavirus
LTCH,Coronavirus
LTCH,Coronavirus
LTCH,Coronavirus
Chronic Care,Coronavirus
Retirement Home,Coronavirus
LTCH,Coronavirus
LTCH,Influenza
Acute Care,Coronavirus
Retirement Home,Coronavirus
LTCH,Coronavirus
Retirement Home,Coronavirus
Chronic Care,Coronavirus
LTCH,Coronavirus
LTCH,Coronavirus
Acute Care,Coronavirus
Acute Care,Coronavirus
LTCH,Coronavirus
LTCH,Coronavirus
Retirement Home,Coronavirus
Retirement Home,Coronavirus
LTCH,Coronavirus
Retirement Home,Coronavirus
Chronic Care,Coronavirus
LTCH,Coronavirus
Chronic Care,Coronavirus
Psychiatric,Coronavirus
LTCH,Coronavirus
LTCH,Coronavirus
Acute Care,Coronavirus
Chronic Care,Coronavirus
LTCH,Coronavirus
LTCH,Coronavirus
Retirement Home,Coronavirus
Transitional Care,Coronavirus
LTCH,Coronavirus
LTCH,Unknown
Chronic Care,Coronavirus
LTCH,Coronavirus
LTCH,Metapneumovirus
LTCH,Coronavirus
Acute Care,Coronavirus
LTCH,Coronavirus
Retirement Home,Coronavirus
Retirement Home,Coronavirus
Chronic Care,Coronavirus
LTCH,Coronavirus
Transitional Care,Coronavirus
Retirement Home,Coronavirus
LTCH,Coronavirus
Chronic Care,Coronavirus
Acute Care,Coronavirus
LTCH,Coronavirus
Acute Care,Coronavirus
Acute Care,Coronavirus
LTCH,Coronavirus
Acute Care,Coronavirus
Retirement Home,Coronavirus
Retirement Home,Coronavirus
Retirement Home,Unknown
LTCH,Coronavirus
LTCH,Coronavirus
Psychiatric,Coronavirus
LTCH,Coronavirus
LTCH,Coronavirus
Acute Care,Coronavirus
Psychiatric,Coronavirus
LTCH,Coronavirus
LTCH,Coronavirus
Acute Care,Coronavirus
LTCH,Unknown
Retirement Home,Coronavirus
Acute Care,Coronavirus
Chronic Care,Coronavirus
Retirement Home,Coronavirus
LTCH,Rhinovirus
LTCH,Influenza
Chronic Care,Coronavirus
LTCH,Coronavirus
Acute Care,Coronavirus
Acute Care,Coronavirus
Acute Care,Coronavirus
Chronic Care,Coronavirus
Psychiatric,Coronavirus
LTCH,Coronavirus
LTCH,Coronavirus
LTCH,Coronavirus
LTCH,Coronavirus
Psychiatric,Coronavirus
LTCH,Coronavirus
LTCH,Influenza
Retirement Home,Coronavirus
LTCH,Coronavirus
Retirement Home,Coronavirus
Retirement Home,Coronavirus
Chronic Care,Coronavirus
Acute Care,Coronavirus
LTCH,Coronavirus
Acute Care,Coronavirus
LTCH,Coronavirus
Retirement Home,Coronavirus
Retirement Home,Coronavirus
Chronic Care,Coronavirus
Retirement Home,Coronavirus
LTCH,Coronavirus
Acute Care,Coronavirus
LTCH,Coronavirus
Chronic Care,Coronavirus
Psychiatric,Coronavirus
LTCH,Coronavirus
Retirement Home,Coronavirus
Chronic Care,Coronavirus
Acute Care,Coronavirus
LTCH,Coronavirus
LTCH,Coronavirus
Retirement Home,Coronavirus
Retirement Home,Coronavirus
Acute Care,Coronavirus
Acute Care,Coronavirus
Acute Care,Coronavirus
Acute Care,Coronavirus
Acute Care,Coronavirus
LTCH,Coronavirus
Retirement Home,Coronavirus
Acute Care,Coronavirus
LTCH,Coronavirus
LTCH,Coronavirus
LTCH,Coronavirus
LTCH,Coronavirus
Retirement Home,Coronavirus
Retirement Home,Coronavirus
LTCH,Coronavirus
Retirement Home,Coronavirus
Chronic Care,Coronavirus
Chronic Care,Coronavirus
Retirement Home,Coronavirus
Psychiatric,Coronavirus
LTCH,Coronavirus
Chronic Care,Coronavirus
LTCH,Coronavirus
LTCH,Coronavirus
LTCH,Coronavirus
Acute Care,Coronavirus
Retirement Home,Coronavirus
Acute Care,Coronavirus
Acute Care,Coronavirus
Retirement Home,Coronavirus
Retirement Home,Coronavirus
LTCH,Coronavirus
Acute Care,Coronavirus
Chronic Care,Coronavirus
LTCH,Coronavirus
Retirement Home,Coronavirus
LTCH,Coronavirus
LTCH,Coronavirus
LTCH,Coronavirus
Acute Care,Coronavirus
Acute Care,Coronavirus
LTCH,Coronavirus
Retirement Home,Coronavirus
LTCH,Coronavirus
LTCH,Coronavirus
LTCH,Unknown
LTCH,Coronavirus
Retirement Home,Coronavirus
LTCH,Coronavirus
LTCH,Coronavirus
LTCH,Coronavirus
Acute Care,Coronavirus
Retirement Home,Coronavirus
Acute Care,Coronavirus
LTCH,Coronavirus
Retirement Home,Coronavirus
LTCH,Coronavirus
Psychiatric,Coronavirus
LTCH,Coronavirus
Chronic Care,Coronavirus
Retirement Home,Coronavirus
LTCH,Coronavirus
LTCH,RSV
LTCH,Coronavirus
LTCH,Coronavirus
LTCH,Coronavirus
LTCH,Unknown
LTCH,Coronavirus
Acute Care,Coronavirus
LTCH,Coronavirus
Acute Care,Coronavirus
Retirement Home,Coronavirus
LTCH,Coronavirus
LTCH,Unknown
Acute Care,Coronavirus
LTCH,Coronavirus
LTCH,Coronavirus
Chronic Care,Coronavirus
LTCH,Unknown
LTCH,Coronavirus
LTCH,Rhinovirus
Acute Care,Coronavirus
Transitional Care,Coronavirus
LTCH,RSV
Transitional Care,Coronavirus
Chronic Care,Coronavirus
Acute Care,Coronavirus
LTCH,Coronavirus
LTCH,Coronavirus
Acute Care,Coronavirus
LTCH,Coronavirus
Acute Care,Coronavirus
LTCH,Coronavirus
Retirement Home,Coronavirus
Chronic Care,Coronavirus
Chronic Care,Coronavirus
Chronic Care,Coronavirus
LTCH,Coronavirus
LTCH,Coronavirus
LTCH,Coronavirus
Chronic Care,Coronavirus
Retirement Home,Coronavirus
Chronic Care,Coronavirus
Chronic Care,Coronavirus
Acute Care,Coronavirus
LTCH,Coronavirus
Acute Care,Coronavirus
Acute Care,Coronavirus
Retirement Home,Coronavirus
Retirement Home,Coronavirus
LTCH,Coronavirus
LTCH,Coronavirus
Acute Care,Coronavirus
Acute Care,Coronavirus
Chronic Care,Coronavirus
Acute Care,Coronavirus
Retirement Home,Coronavirus
Acute Care,Coronavirus
Acute Care,Coronavirus
Acute Care,Coronavirus
LTCH,Coronavirus
LTCH,Coronavirus
Acute Care,Coronavirus
Acute Care,Coronavirus
Acute Care,Coronavirus
Acute Care,Coronavirus
Acute Care,Coronavirus
Chronic Care,Coronavirus
Chronic Care,Coronavirus
Chronic Care,Coronavirus
Chronic Care,Coronavirus
Acute Care,Coronavirus
Acute Care,Coronavirus
Acute Care,Coronavirus
Acute Care,Coronavirus
Acute Care,Coronavirus
Acute Care,Coronavirus
Acute Care,Coronavirus
Acute Care,Coronavirus
Chronic Care,Coronavirus
Acute Care,Coronavirus
Retirement Home,Coronavirus
Chronic Care,Coronavirus
Chronic Care,Coronavirus
Chronic Care,Coronavirus
Chronic Care,Coronavirus
Acute Care,Coronavirus
Chronic Care,Coronavirus
Chronic Care,Coronavirus
LTCH,Coronavirus
Chronic Care,Coronavirus
Chronic Care,Coronavirus
Chronic Care,Coronavirus
Acute Care,Coronavirus
Retirement Home,Coronavirus
Chronic Care,Coronavirus
Retirement Home,Coronavirus
LTCH,Coronavirus
Acute Care,Coronavirus
Chronic Care,Coronavirus
Chronic Care,Coronavirus
Chronic Care,Coronavirus
Acute Care,Coronavirus
Acute Care,Coronavirus
Acute Care,Coronavirus
Retirement Home,Coronavirus
Retirement Home,Coronavirus
Acute Care,Coronavirus
Acute Care,Coronavirus
Chronic Care,Coronavirus
LTCH,Coronavirus
Chronic Care,Coronavirus
Chronic Care,Coronavirus
LTCH,Coronavirus
Chronic Care,Coronavirus
Chronic Care,Coronavirus
Acute Care,Coronavirus
LTCH,Coronavirus
Chronic Care,Coronavirus
Acute Care,Coronavirus
Acute Care,Coronavirus
Chronic Care,Coronavirus
Acute Care,Coronavirus
Acute Care,Coronavirus
Acute Care,Coronavirus
Acute Care,Coronavirus
Acute Care,Coronavirus
Acute Care,Coronavirus
Retirement Home,Coronavirus
Retirement Home,Coronavirus
LTCH,Coronavirus
Retirement Home,Coronavirus
Acute Care,Coronavirus
Acute Care,Coronavirus
Acute Care,Coronavirus
Acute Care,Coronavirus
Chronic Care,Coronavirus
Chronic Care,Coronavirus
LTCH,Coronavirus
Acute Care,Coronavirus
Chronic Care,Coronavirus
LTCH,Coronavirus
Acute Care,Coronavirus
Chronic Care,Coronavirus
Acute Care,Coronavirus
Chronic Care,Coronavirus
LTCH,Coronavirus
Chronic Care,Coronavirus
Retirement Home,Coronavirus
Acute Care,Coronavirus
Chronic Care,Coronavirus
LTCH,Coronavirus
LTCH,Coronavirus
Acute Care,Coronavirus
Acute Care,Coronavirus
Chronic Care,Coronavirus
Retirement Home,Coronavirus
Chronic Care,Coronavirus
Acute Care,Coronavirus
Acute Care,Coronavirus
Acute Care,Coronavirus
Retirement Home,Coronavirus
Acute Care,Coronavirus
Acute Care,Coronavirus
LTCH,Coronavirus
LTCH,Coronavirus
Chronic Care,Coronavirus
Chronic Care,Coronavirus
LTCH,Coronavirus
Chronic Care,Coronavirus
Chronic Care,Coronavirus
LTCH,Coronavirus
Chronic Care,Coronavirus
Acute Care,Coronavirus
Acute Care,Coronavirus
Chronic Care,Coronavirus
Retirement Home,Coronavirus
Chronic Care,Coronavirus
Acute Care,Coronavirus
Retirement Home,Coronavirus
LTCH,Coronavirus
Retirement Home,Coronavirus
Chronic Care,Coronavirus
Retirement Home,Coronavirus
Chronic Care,Coronavirus
Retirement Home,Coronavirus
Retirement Home,Coronavirus
LTCH,Coronavirus
LTCH,Coronavirus
Acute Care,Coronavirus
Retirement Home,Coronavirus
Retirement Home,Coronavirus
Acute Care,Coronavirus
Acute Care,Coronavirus
LTCH,Coronavirus
LTCH,Coronavirus
Retirement Home,Coronavirus
Retirement Home,Coronavirus
Retirement Home,Coronavirus
Retirement Home,Coronavirus
LTCH,Coronavirus
Retirement Home,Coronavirus
Chronic Care,Coronavirus
Retirement Home,Coronavirus
Retirement Home,Coronavirus
Retirement Home,Coronavirus
Retirement Home,Coronavirus
Acute Care,Coronavirus
LTCH,Coronavirus
Chronic Care,Coronavirus
LTCH,Coronavirus
LTCH,Coronavirus
Retirement Home,Coronavirus
LTCH,Coronavirus
Chronic Care,Coronavirus
LTCH,Coronavirus
LTCH,Coronavirus
LTCH,Coronavirus
LTCH,Coronavirus
Acute Care,Coronavirus
Retirement Home,Coronavirus
Acute Care,Coronavirus
Acute Care,Coronavirus
LTCH,Coronavirus
Chronic Care,Coronavirus
LTCH,Coronavirus
Psychiatric,Coronavirus
Retirement Home,Coronavirus
LTCH,Coronavirus
LTCH,Coronavirus
Retirement Home,Coronavirus
Retirement Home,Coronavirus
LTCH,Coronavirus
LTCH,Coronavirus
LTCH,Coronavirus
LTCH,Coronavirus
LTCH,Coronavirus
Retirement Home,Coronavirus
LTCH,Coronavirus
Retirement Home,Coronavirus
Chronic Care,Coronavirus
LTCH,Coronavirus
Acute Care,Coronavirus
Retirement Home,Coronavirus
LTCH,Coronavirus
LTCH,Coronavirus
Chronic Care,Coronavirus
Chronic Care,Coronavirus
LTCH,Coronavirus
Retirement Home,Coronavirus
LTCH,Coronavirus
LTCH,Coronavirus
Chronic Care,Coronavirus
Retirement Home,Coronavirus
LTCH,Coronavirus
Acute Care,Coronavirus
Acute Care,Coronavirus
Retirement Home,Coronavirus
LTCH,Coronavirus
LTCH,Coronavirus
LTCH,Coronavirus
LTCH,Coronavirus
LTCH,Coronavirus
LTCH,Coronavirus
LTCH,Coronavirus
LTCH,Coronavirus
LTCH,Coronavirus
Chronic Care,Coronavirus
Acute Care,Coronavirus
Retirement Home,Coronavirus
LTCH,Coronavirus
Retirement Home,Coronavirus
Acute Care,Coronavirus
Acute Care,Coronavirus
LTCH,Coronavirus
LTCH,Coronavirus
LTCH,Coronavirus
LTCH,Coronavirus
LTCH,Coronavirus
LTCH,Coronavirus
LTCH,Coronavirus
LTCH,Coronavirus
Acute Care,Coronavirus
LTCH,Coronavirus
LTCH,Coronavirus
LTCH,Coronavirus
LTCH,Coronavirus
LTCH,Coronavirus
Retirement Home,Coronavirus
LTCH,Coronavirus
LTCH,Coronavirus
LTCH,Coronavirus
LTCH,Coronavirus
LTCH,Coronavirus
LTCH,Coronavirus
LTCH,Coronavirus
LTCH,Coronavirus
LTCH,Coronavirus
LTCH,Coronavirus
LTCH,Coronavirus
LTCH,Coronavirus
Retirement Home,Coronavirus
LTCH,Coronavirus
LTCH,Coronavirus
LTCH,Coronavirus
Acute Care,Coronavirus
LTCH,Coronavirus
LTCH,Coronavirus
Retirement Home,Coronavirus
LTCH,Coronavirus
LTCH,Coronavirus
Retirement Home,Coronavirus
LTCH,Coronavirus
LTCH,Coronavirus
LTCH,Coronavirus
LTCH,Coronavirus
Retirement Home,Coronavirus
LTCH,Unknown
LTCH,Coronavirus
LTCH,Coronavirus
LTCH,Coronavirus
LTCH,Coronavirus
Acute Care,Coronavirus
LTCH,Coronavirus
LTCH,Coronavirus
LTCH,Unknown
LTCH,RSV
LTCH,RSV
LTCH,Coronavirus
Acute Care,Coronavirus
LTCH,Rhinovirus
LTCH,Rhinovirus
Acute Care,Coronavirus
Chronic Care,Rhinovirus
Retirement Home,Rhinovirus
LTCH,Coronavirus
Acute Care,Coronavirus
LTCH,Rhinovirus
LTCH,Rhinovirus
LTCH,Metapneumovirus
Acute Care,Coronavirus
LTCH,Rhinovirus
LTCH,Rhinovirus
Retirement Home,Rhinovirus
LTCH,Unknown
Retirement Home,Unknown
Retirement Home,Coronavirus
Retirement Home,Coronavirus
LTCH,Coronavirus
LTCH,Rhinovirus
Retirement Home,Coronavirus
LTCH,Influenza
LTCH,Coronavirus
LTCH,Coronavirus
LTCH,Coronavirus
Retirement Home,Coronavirus
LTCH,Coronavirus
LTCH,Rhinovirus
LTCH,Rhinovirus
Acute Care,Coronavirus
LTCH,Unknown
LTCH,Rhinovirus
LTCH,Unknown
Chronic Care,Rhinovirus
Retirement Home,Rhinovirus
LTCH,Rhinovirus
LTCH,Rhinovirus
LTCH,Coronavirus
LTCH,Rhinovirus
Retirement Home,Coronavirus
Acute Care,Coronavirus
LTCH,Rhinovirus
LTCH,Campylobacter
LTCH,Coronavirus
Acute Care,Coronavirus
Chronic Care,Coronavirus
LTCH,Unknown
Acute Care,Coronavirus
Acute Care,Coronavirus
Acute Care,Coronavirus
Acute Care,Coronavirus
Acute Care,Coronavirus
LTCH,Coronavirus
Acute Care,Coronavirus
LTCH,Coronavirus
Acute Care,Coronavirus
Chronic Care,Coronavirus
LTCH,Coronavirus
Retirement Home,Coronavirus
Acute Care,Coronavirus
Acute Care,Coronavirus
Chronic Care,Coronavirus
Chronic Care,Coronavirus
Acute Care,Coronavirus
Acute Care,Coronavirus
Chronic Care,Coronavirus
Acute Care,Coronavirus
Retirement Home,Unknown
LTCH,Coronavirus
LTCH,Coronavirus
LTCH,Coronavirus
Acute Care,Coronavirus
LTCH,Coronavirus
Chronic Care,Coronavirus
Chronic Care,Coronavirus
Acute Care,Coronavirus
Acute Care,Coronavirus
LTCH,Coronavirus
LTCH,Coronavirus
Acute Care,Coronavirus
LTCH,Coronavirus
Acute Care,Coronavirus
Chronic Care,Coronavirus
LTCH,Coronavirus
LTCH,Coronavirus
LTCH,Coronavirus
Acute Care,Coronavirus
Acute Care,Coronavirus
LTCH,Coronavirus
LTCH,Coronavirus
LTCH,Coronavirus
LTCH,Coronavirus
LTCH,Coronavirus
Chronic Care,Coronavirus
Acute Care,Coronavirus
Acute Care,Coronavirus
Acute Care,Coronavirus
LTCH,Coronavirus
Acute Care,Coronavirus
LTCH,Coronavirus
LTCH,Coronavirus
Acute Care,Coronavirus
LTCH,Coronavirus
Chronic Care,Coronavirus
LTCH,Coronavirus
Chronic Care,Coronavirus
Chronic Care,Coronavirus
Chronic Care,Coronavirus
Acute Care,Coronavirus
Acute Care,Coronavirus
LTCH,Coronavirus
LTCH,Coronavirus
Acute Care,Coronavirus
Chronic Care,Coronavirus
LTCH,Coronavirus
Acute Care,Coronavirus
LTCH,Coronavirus
Acute Care,Coronavirus
LTCH,Coronavirus
LTCH,Coronavirus
Acute Care,Coronavirus
Acute Care,Coronavirus
Acute Care,Coronavirus
LTCH,Coronavirus
Acute Care,Coronavirus
LTCH,Unknown
Acute Care,Coronavirus
Acute Care,Coronavirus
LTCH,Coronavirus
LTCH,Coronavirus
Acute Care,Coronavirus
LTCH,Coronavirus
LTCH,Coronavirus
Acute Care,Coronavirus
LTCH,Coronavirus
Psychiatric,Coronavirus
Acute Care,Coronavirus
LTCH,Coronavirus
LTCH,Coronavirus
LTCH,Unknown
LTCH,Coronavirus
Psychiatric,Coronavirus
Acute Care,Coronavirus
Acute Care,Coronavirus
Acute Care,Coronavirus
LTCH,Coronavirus
Chronic Care,Coronavirus
Acute Care,Coronavirus
Acute Care,Coronavirus
Acute Care,Coronavirus
Acute Care,Coronavirus
Acute Care,Coronavirus
Acute Care,Coronavirus
LTCH,Coronavirus
Acute Care,Coronavirus
Retirement Home,Coronavirus
Acute Care,Coronavirus
Retirement Home,Coronavirus
LTCH,Coronavirus
Chronic Care,Coronavirus
Acute Care,Coronavirus
Acute Care,Coronavirus
LTCH,Coronavirus
LTCH,Coronavirus
Retirement Home,Coronavirus
Chronic Care,Coronavirus
LTCH,Coronavirus
Retirement Home,Coronavirus
Acute Care,Coronavirus
LTCH,Coronavirus
Chronic Care,Coronavirus
Acute Care,Coronavirus
Retirement Home,Campylobacter
Retirement Home,Coronavirus
Chronic Care,Coronavirus
Acute Care,Coronavirus
Acute Care,Coronavirus
Chronic Care,Coronavirus
Chronic Care,Coronavirus
Acute Care,Coronavirus
Acute Care,Coronavirus
Retirement Home,Coronavirus
Acute Care,Coronavirus
Acute Care,Coronavirus
Chronic Care,Coronavirus
Acute Care,Coronavirus
LTCH,Coronavirus
LTCH,Coronavirus
Acute Care,Coronavirus
LTCH,Coronavirus
LTCH,Coronavirus
LTCH,Coronavirus
LTCH,Coronavirus
Chronic Care,Coronavirus
Acute Care,Coronavirus
Chronic Care,Coronavirus
Acute Care,Coronavirus
Acute Care,Coronavirus
Acute Care,Coronavirus
LTCH,Coronavirus
Acute Care,Coronavirus
LTCH,Coronavirus
Chronic Care,Coronavirus
Acute Care,Coronavirus
Acute Care,Coronavirus
Acute Care,Coronavirus
LTCH,Coronavirus
Acute Care,Coronavirus
LTCH,Coronavirus
Retirement Home,Coronavirus
Acute Care,Coronavirus
LTCH,Coronavirus
LTCH,Coronavirus
Acute Care,Coronavirus
Retirement Home,Coronavirus
LTCH,Coronavirus
Retirement Home,Coronavirus
Chronic Care,Coronavirus
Chronic Care,Coronavirus
Acute Care,Coronavirus
Acute Care,Coronavirus
LTCH,Coronavirus
Chronic Care,Coronavirus
Chronic Care,Coronavirus
Acute Care,Coronavirus
LTCH,Coronavirus
LTCH,Coronavirus
Acute Care,Coronavirus
Chronic Care,Coronavirus
LTCH,Coronavirus
Chronic Care,Coronavirus
LTCH,Coronavirus
Acute Care,Coronavirus
LTCH,Coronavirus
LTCH,Coronavirus
Chronic Care,Coronavirus
Acute Care,Coronavirus
Chronic Care,Coronavirus
Acute Care,Coronavirus
LTCH,Coronavirus
Retirement Home,Coronavirus
LTCH,Coronavirus
Chronic Care,Coronavirus
LTCH,Coronavirus
Chronic Care,Coronavirus
Acute Care,Coronavirus
LTCH,Coronavirus
LTCH,Coronavirus
Acute Care,Coronavirus
Retirement Home,Coronavirus
LTCH,Coronavirus
LTCH,Coronavirus
Retirement Home,Coronavirus
LTCH,Coronavirus
Acute Care,Coronavirus
LTCH,Coronavirus
Retirement Home,Coronavirus
LTCH,Coronavirus
Chronic Care,Coronavirus
LTCH,Coronavirus
LTCH,Coronavirus
Retirement Home,Coronavirus
Retirement Home,Coronavirus
LTCH,Coronavirus
LTCH,Coronavirus
LTCH,Coronavirus
LTCH,Coronavirus
LTCH,Coronavirus
Acute Care,Coronavirus
Acute Care,Coronavirus
Acute Care,Coronavirus
Chronic Care,Coronavirus
LTCH,Coronavirus
Acute Care,Coronavirus
LTCH,Coronavirus
LTCH,Coronavirus
LTCH,Unknown
Acute Care,Coronavirus
Chronic Care,Coronavirus
LTCH,Coronavirus
Retirement Home,Coronavirus
Chronic Care,Coronavirus
LTCH,Coronavirus
Retirement Home,Coronavirus
LTCH,Coronavirus
LTCH,Coronavirus
Acute Care,Coronavirus
Acute Care,Coronavirus
Chronic Care,Coronavirus
Chronic Care,Coronavirus
Retirement Home,Coronavirus
LTCH,Coronavirus
Retirement Home,Coronavirus
Acute Care,Coronavirus
LTCH,Coronavirus
LTCH,Coronavirus
LTCH,Coronavirus
LTCH,Coronavirus
Chronic Care,Coronavirus
LTCH,Coronavirus
Retirement Home,Coronavirus
LTCH,Coronavirus
Acute Care,Coronavirus
Retirement Home,Coronavirus
LTCH,Coronavirus
Acute Care,Coronavirus
LTCH,Coronavirus
LTCH,Coronavirus
Retirement Home,Coronavirus
Retirement Home,Coronavirus
Chronic Care,Coronavirus
Retirement Home,Coronavirus
LTCH,Coronavirus
Retirement Home,Coronavirus
Acute Care,Coronavirus
Acute Care,Coronavirus
LTCH,Coronavirus
Chronic Care,Coronavirus
Retirement Home,Coronavirus
Acute Care,Coronavirus
LTCH,Coronavirus
LTCH,Coronavirus
LTCH,Coronavirus
Psychiatric,Coronavirus
Chronic Care,Coronavirus
Acute Care,Coronavirus
Acute Care,Coronavirus
Acute Care,Coronavirus
LTCH,Coronavirus
Acute Care,Coronavirus
Acute Care,Coronavirus
Retirement Home,Coronavirus
Acute Care,Coronavirus
LTCH,Coronavirus
LTCH,Coronavirus
Retirement Home,Coronavirus
Retirement Home,Coronavirus
Acute Care,Unknown
Acute Care,Coronavirus
Retirement Home,Coronavirus
Acute Care,Coronavirus
Psychiatric,Coronavirus
Acute Care,Coronavirus
Retirement Home,Coronavirus
LTCH,Coronavirus
Chronic Care,Coronavirus
LTCH,Coronavirus
LTCH,Coronavirus
Acute Care,Coronavirus
Retirement Home,Coronavirus
LTCH,Coronavirus
LTCH,Coronavirus
Acute Care,Coronavirus
LTCH,Coronavirus
LTCH,Coronavirus
LTCH,Coronavirus
LTCH,Coronavirus
Retirement Home,Coronavirus
Retirement Home,Coronavirus
Acute Care,Coronavirus
Retirement Home,Coronavirus
Retirement Home,Coronavirus
Psychiatric,Coronavirus
LTCH,Coronavirus
LTCH,Coronavirus
Chronic Care,Coronavirus
Acute Care,Coronavirus
Chronic Care,Coronavirus
LTCH,Coronavirus
LTCH,Coronavirus
Acute Care,Coronavirus
Acute Care,Coronavirus
Psychiatric,Coronavirus
Chronic Care,Coronavirus
Retirement Home,Coronavirus
Acute Care,Coronavirus
LTCH,Coronavirus
LTCH,Coronavirus
Retirement Home,Coronavirus
Chronic Care,Coronavirus
LTCH,Coronavirus
LTCH,Coronavirus
LTCH,Coronavirus
LTCH,Unknown
LTCH,Coronavirus
LTCH,Coronavirus
LTCH,Coronavirus
Acute Care,Coronavirus
Retirement Home,Coronavirus
Acute Care,Coronavirus
Retirement Home,Coronavirus
LTCH,Coronavirus
LTCH,Coronavirus
Acute Care,Coronavirus
Acute Care,Coronavirus
LTCH,Coronavirus
Chronic Care,Coronavirus
Retirement Home,Coronavirus
Acute Care,Coronavirus
LTCH,Coronavirus
LTCH,Coronavirus
Acute Care,Coronavirus
Psychiatric,Coronavirus
LTCH,Coronavirus
Retirement Home,Coronavirus
LTCH,Coronavirus
Acute Care,Coronavirus
LTCH,Coronavirus
LTCH,Coronavirus
LTCH,Coronavirus
LTCH,Coronavirus
Chronic Care,Coronavirus
LTCH,Coronavirus
Acute Care,Coronavirus
Acute Care,Coronavirus
Retirement Home,Coronavirus
LTCH,Coronavirus
LTCH,Coronavirus
Retirement Home,Coronavirus
Psychiatric,Coronavirus
LTCH,Coronavirus
Acute Care,Coronavirus
Acute Care,Coronavirus
Acute Care,Coronavirus
LTCH,Coronavirus
Acute Care,Coronavirus
LTCH,Coronavirus
Chronic Care,Coronavirus
Retirement Home,Coronavirus
Retirement Home,Coronavirus
LTCH,Coronavirus
LTCH,Coronavirus
LTCH,Coronavirus
LTCH,Coronavirus
LTCH,Coronavirus
LTCH,Coronavirus
LTCH,Coronavirus
LTCH,Coronavirus
LTCH,Coronavirus
Acute Care,Coronavirus
LTCH,Unknown
Retirement Home,Coronavirus
LTCH,Coronavirus
Acute Care,Coronavirus
LTCH,Coronavirus
LTCH,Coronavirus
Retirement Home,Coronavirus
LTCH,Coronavirus
LTCH,Coronavirus
LTCH,Unknown
Retirement Home,Coronavirus
LTCH,Rhinovirus
Retirement Home,Coronavirus
LTCH,Coronavirus
LTCH,Coronavirus
Acute Care,Clostridium difficile
LTCH,Coronavirus
LTCH,Coronavirus
LTCH,Coronavirus
LTCH,Unknown
LTCH,Coronavirus
Retirement Home,Coronavirus
LTCH,Coronavirus
LTCH,Coronavirus
Acute Care,Coronavirus
Chronic Care,Unknown
LTCH,Unknown
LTCH,Coronavirus
LTCH,Coronavirus
LTCH,Unknown
LTCH,Unknown
LTCH,Unknown
Chronic Care,Coronavirus
Retirement Home,Coronavirus
Chronic Care,Coronavirus
Acute Care,Coronavirus
LTCH,Unknown
LTCH,Coronavirus
LTCH,Coronavirus
LTCH,Coronavirus
LTCH,Unknown
LTCH,Coronavirus
Acute Care,Coronavirus
LTCH,Coronavirus
Acute Care,Coronavirus
LTCH,Coronavirus
LTCH,Coronavirus
LTCH,Coronavirus
LTCH,Coronavirus
LTCH,Coronavirus
LTCH,Coronavirus
LTCH,Coronavirus
LTCH,Coronavirus
LTCH,Coronavirus
LTCH,Coronavirus
Retirement Home,Coronavirus
Retirement Home,Coronavirus
LTCH,Coronavirus
LTCH,Coronavirus
LTCH,Unknown
Retirement Home,Coronavirus
LTCH,Coronavirus
LTCH,Coronavirus
LTCH,Coronavirus
LTCH,Coronavirus
Retirement Home,Coronavirus
LTCH,Coronavirus
LTCH,Coronavirus
Chronic Care,Coronavirus
Retirement Home,Coronavirus
Acute Care,Coronavirus
LTCH,Coronavirus
LTCH,Coronavirus
LTCH,Coronavirus
LTCH,Coronavirus
LTCH,Coronavirus
LTCH,Coronavirus
Acute Care,Coronavirus
Chronic Care,Coronavirus
LTCH,Coronavirus
LTCH,Coronavirus
Retirement Home,Coronavirus
LTCH,Coronavirus
LTCH,Coronavirus
Retirement Home,Coronavirus
LTCH,Coronavirus
Retirement Home,Coronavirus
Chronic Care,Coronavirus
Retirement Home,Coronavirus
Acute Care,Coronavirus
Retirement Home,Coronavirus
LTCH,Coronavirus
Retirement Home,Coronavirus
LTCH,Coronavirus
Retirement Home,Coronavirus
Acute Care,Coronavirus
Chronic Care,Coronavirus
LTCH,Coronavirus
LTCH,Coronavirus
Acute Care,Coronavirus
LTCH,Coronavirus
LTCH,Coronavirus
LTCH,Coronavirus
Retirement Home,Coronavirus
LTCH,Coronavirus
Acute Care,Coronavirus
Acute Care,Coronavirus
Retirement Home,Coronavirus
LTCH,Coronavirus
Retirement Home,Coronavirus
LTCH,Coronavirus
Acute Care,Clostridium difficile
Chronic Care,Coronavirus
Acute Care,Coronavirus
Acute Care,Coronavirus
LTCH,Coronavirus
Chronic Care,Coronavirus
LTCH,Coronavirus
Retirement Home,Coronavirus
LTCH,Coronavirus
LTCH,Coronavirus
LTCH,Coronavirus
LTCH,Coronavirus
Acute Care,Coronavirus
LTCH,Coronavirus
LTCH,Coronavirus
Acute Care,Coronavirus
LTCH,Coronavirus
LTCH,Coronavirus
Acute Care,Coronavirus
Chronic Care,Coronavirus
LTCH,Coronavirus
LTCH,Coronavirus
Retirement Home,Coronavirus
Acute Care,Coronavirus
LTCH,Coronavirus
Chronic Care,Coronavirus
LTCH,Coronavirus
LTCH,Coronavirus
Acute Care,Coronavirus
Chronic Care,Coronavirus
LTCH,Coronavirus
Retirement Home,Coronavirus
Retirement Home,Coronavirus
LTCH,Coronavirus
LTCH,Coronavirus
Acute Care,Coronavirus
LTCH,Coronavirus
Retirement Home,Coronavirus
Retirement Home,Coronavirus
LTCH,Coronavirus
Retirement Home,Coronavirus
Chronic Care,Coronavirus
Retirement Home,Coronavirus
LTCH,Coronavirus
Retirement Home,Coronavirus
LTCH,Coronavirus
LTCH,Coronavirus
Retirement Home,Coronavirus
LTCH,Coronavirus
LTCH,Coronavirus
LTCH,Coronavirus
Retirement Home,Coronavirus
LTCH,Coronavirus
LTCH,Coronavirus
LTCH,Coronavirus
Retirement Home,Coronavirus
Retirement Home,Coronavirus
LTCH,Coronavirus
LTCH,Coronavirus
LTCH,Rhinovirus
LTCH,Unknown
Chronic Care,Coronavirus
LTCH,Coronavirus
LTCH,Coronavirus
Retirement Home,Coronavirus
Psychiatric,Coronavirus
Psychiatric,Coronavirus
Acute Care,Coronavirus
LTCH,Coronavirus
LTCH,Coronavirus
LTCH,Metapneumovirus
LTCH,Coronavirus
LTCH,Coronavirus
LTCH,Coronavirus
Retirement Home,Coronavirus
Chronic Care,Coronavirus
Retirement Home,Coronavirus
Retirement Home,Coronavirus
LTCH,Coronavirus
LTCH,Coronavirus
LTCH,Metapneumovirus
Retirement Home,Unknown
LTCH,Coronavirus
LTCH,Coronavirus
Chronic Care,Coronavirus
LTCH,Coronavirus
LTCH,Coronavirus
LTCH,Metapneumovirus
LTCH,Coronavirus
LTCH,Coronavirus
LTCH,Coronavirus
LTCH,Unknown
LTCH,Coronavirus
Acute Care,Coronavirus
LTCH,Coronavirus
LTCH,Coronavirus
LTCH,Unknown
LTCH,Rhinovirus
LTCH,Coronavirus
LTCH,Coronavirus
Retirement Home,Coronavirus
LTCH,Metapneumovirus
Acute Care,Coronavirus
LTCH,Coronavirus
LTCH,Coronavirus
LTCH,Coronavirus
Chronic Care,Coronavirus
LTCH,Rhinovirus
LTCH,Coronavirus
LTCH,Coronavirus
LTCH,Coronavirus
LTCH,Coronavirus
LTCH,Coronavirus
LTCH,Metapneumovirus
Retirement Home,Metapneumovirus
LTCH,Metapneumovirus
Chronic Care,Influenza
LTCH,Influenza
LTCH,Coronavirus
Retirement Home,Coronavirus
LTCH,Coronavirus
Acute Care,Unknown
Retirement Home,Unknown
LTCH,RSV
LTCH,Coronavirus
Retirement Home,Coronavirus
LTCH,RSV
Retirement Home,RSV
Retirement Home,Unknown
LTCH,Unknown
LTCH,Influenza
LTCH,Influenza
LTCH,RSV
LTCH,Rhinovirus
LTCH,Coronavirus
Chronic Care,Unknown
LTCH,Metapneumovirus
Retirement Home,Unknown
LTCH,Influenza
LTCH,Metapneumovirus
LTCH,Rhinovirus
LTCH,Unknown
LTCH,Influenza
LTCH,Rotavirus
LTCH,Coronavirus
Acute Care,Unknown
LTCH,Coronavirus
Chronic Care,Coronavirus
Acute Care,Unknown
LTCH,RSV
LTCH,Unknown
LTCH,Influenza
LTCH,Metapneumovirus
LTCH,Unknown
LTCH,Unknown
LTCH,Influenza
LTCH,RSV
LTCH,Influenza
Retirement Home,RSV
Retirement Home,Unknown
Retirement Home,Influenza
LTCH,Unknown
LTCH,Unknown
LTCH,Rhinovirus
Chronic Care,RSV
Acute Care,CPE
Acute Care,Unknown
Chronic Care,Influenza
LTCH,Unknown
Chronic Care,Influenza
LTCH,Unknown
Chronic Care,RSV
LTCH,Coronavirus
LTCH,Coronavirus
Acute Care,Influenza
LTCH,Unknown
LTCH,Coronavirus
LTCH,Coronavirus
LTCH,Influenza
LTCH,RSV
LTCH,Unknown
LTCH,Metapneumovirus
LTCH,RSV
Retirement Home,Unknown
LTCH,Influenza
LTCH,Influenza
LTCH,Influenza
Psychiatric,Influenza
Acute Care,Influenza
Chronic Care,Influenza
LTCH,Influenza
LTCH,Influenza
Acute Care,Influenza
LTCH,Metapneumovirus
Chronic Care,Influenza
LTCH,RSV
LTCH,Influenza
LTCH,Influenza
LTCH,Influenza
LTCH,RSV
LTCH,Metapneumovirus
LTCH,Influenza
Chronic Care,Influenza
LTCH,RSV
LTCH,RSV
LTCH,RSV
LTCH,Unknown
LTCH,Metapneumovirus
LTCH,Rhinovirus
LTCH,Coronavirus
LTCH,Influenza
Retirement Home,Influenza
Chronic Care,Influenza
Chronic Care,Unknown
Retirement Home,Unknown
LTCH,Metapneumovirus
LTCH,Influenza
Retirement Home,RSV
Retirement Home,Influenza
Retirement Home,Influenza
LTCH,Influenza
LTCH,Metapneumovirus
Retirement Home,Unknown
LTCH,RSV
Retirement Home,Metapneumovirus
LTCH,Influenza
LTCH,Influenza
LTCH,Influenza
Retirement Home,Influenza
LTCH,Influenza
LTCH,Unknown
LTCH,Unknown
LTCH,Coronavirus
Retirement Home,Influenza
LTCH,Unknown
LTCH,Influenza
Acute Care,Influenza
LTCH,Influenza
LTCH,Influenza
Chronic Care,RSV
LTCH,Influenza
LTCH,Unknown
LTCH,Unknown
Retirement Home,Unknown
LTCH,Unknown
Acute Care,Influenza
LTCH,Coronavirus
LTCH,Influenza
Acute Care,Influenza
LTCH,Influenza
LTCH,Influenza
LTCH,Influenza
LTCH,Influenza
LTCH,Influenza
Retirement Home,Rhinovirus
Acute Care,Metapneumovirus
LTCH,Influenza
Retirement Home,Metapneumovirus
Acute Care,Unknown
LTCH,Influenza
LTCH,Rhinovirus
LTCH,Metapneumovirus
LTCH,Unknown
Retirement Home,Unknown
LTCH,Influenza
LTCH,RSV
LTCH,Unknown
Acute Care,Influenza
LTCH,Unknown
LTCH,Unknown
LTCH,Coronavirus
Acute Care,Unknown
Chronic Care,Rhinovirus
Chronic Care,Influenza
Acute Care,Influenza
LTCH,Influenza
LTCH,Unknown
LTCH,RSV
Acute Care,Unknown
LTCH,Unknown
LTCH,RSV
LTCH,Rhinovirus
Acute Care,Unknown
Acute Care,CPE
Acute Care,Unknown
LTCH,Rhinovirus
Acute Care,CPE
LTCH,Unknown
Psychiatric,Unknown
LTCH,Unknown
LTCH,Unknown
LTCH,Unknown
LTCH,Unknown
LTCH,Unknown
LTCH,Rhinovirus
LTCH,Unknown
LTCH,Unknown
Acute Care,Rhinovirus
Chronic Care,Unknown
LTCH,Unknown
Acute Care,CPE
Retirement Home,Unknown
LTCH,Unknown
LTCH,Unknown
LTCH,Unknown
LTCH,Unknown
Retirement Home,Unknown
LTCH,Unknown
LTCH,Unknown
Retirement Home,Unknown
Acute Care,CPE
Retirement Home,Unknown
LTCH,Unknown
LTCH,Unknown
LTCH,Unknown
Acute Care,Clostridium difficile
LTCH,Unknown
LTCH,Unknown
Acute Care,Clostridium difficile
Acute Care,Clostridium difficile
Chronic Care,Influenza
LTCH,Unknown
LTCH,Unknown
LTCH,Unknown
LTCH,Unknown
LTCH,Unknown
LTCH,Unknown
LTCH,Unknown
LTCH,Unknown
Psychiatric,Unknown
LTCH,Unknown
LTCH,Unknown
LTCH,Unknown
LTCH,Unknown
LTCH,Unknown
LTCH,Unknown
LTCH,Unknown
LTCH,Rhinovirus
LTCH,Unknown
LTCH,Unknown
LTCH,Unknown
LTCH,Unknown
LTCH,Unknown
LTCH,Unknown
LTCH,Unknown
LTCH,Unknown
LTCH,Unknown
LTCH,Unknown
LTCH,Unknown
LTCH,Influenza
LTCH,Metapneumovirus
LTCH,Unknown
LTCH,Unknown
LTCH,Unknown
LTCH,Influenza
LTCH,Metapneumovirus
Retirement Home,Unknown
LTCH,Metapneumovirus
Chronic Care,Influenza
LTCH,Influenza
LTCH,Unknown
LTCH,Unknown
LTCH,Metapneumovirus
LTCH,Unknown
Chronic Care,Influenza
LTCH,Unknown
LTCH,Metapneumovirus
Acute Care,Influenza
Acute Care,Unknown
LTCH,Unknown
LTCH,Influenza
LTCH,Unknown
Acute Care,Clostridium difficile
LTCH,Influenza
Chronic Care,Unknown
Retirement Home,Influenza
Retirement Home,Influenza
LTCH,Unknown
LTCH,Influenza
Retirement Home,Unknown
LTCH,Influenza
Chronic Care,Influenza
Retirement Home,Unknown
Chronic Care,Influenza
Acute Care,Influenza
Chronic Care,Rhinovirus
LTCH,Influenza
LTCH,Unknown
Retirement Home,Metapneumovirus
Retirement Home,Unknown
LTCH,Influenza
LTCH,RSV
Retirement Home,Unknown
LTCH,Unknown
Retirement Home,Unknown
Retirement Home,Influenza
LTCH,Influenza
Psychiatric,Unknown
Acute Care,Metapneumovirus
Chronic Care,Influenza
LTCH,Unknown
LTCH,Unknown
LTCH,Influenza
Retirement Home,Unknown
Chronic Care,Influenza
LTCH,Influenza
Retirement Home,Influenza
Acute Care,CPE
LTCH,Influenza
LTCH,RSV
LTCH,Metapneumovirus
LTCH,Influenza
LTCH,Unknown
Retirement Home,Influenza
Acute Care,Influenza
LTCH,Influenza
Retirement Home,Unknown
Acute Care,Unknown
Retirement Home,Unknown
LTCH,Influenza
Retirement Home,Metapneumovirus
Retirement Home,Unknown
LTCH,Influenza
LTCH,Unknown
LTCH,Unknown
LTCH,Unknown
LTCH,RSV
LTCH,Influenza
Acute Care,Influenza
LTCH,Unknown
Acute Care,Unknown
Chronic Care,RSV
LTCH,Unknown
Acute Care,Influenza
LTCH,Influenza
Chronic Care,Influenza
LTCH,Influenza
LTCH,Influenza
LTCH,Metapneumovirus
Acute Care,Unknown
Acute Care,Influenza
Acute Care,Influenza
Chronic Care,Unknown
Chronic Care,Influenza
Chronic Care,Influenza
Retirement Home,Influenza
LTCH,RSV
LTCH,Unknown
LTCH,Influenza
Retirement Home,Influenza
Chronic Care,Influenza
LTCH,Influenza
LTCH,Metapneumovirus
Retirement Home,Unknown
LTCH,Rhinovirus
Retirement Home,Unknown
LTCH,Influenza
Acute Care,Clostridium difficile
Chronic Care,RSV
LTCH,Influenza
Chronic Care,Metapneumovirus
LTCH,Influenza
LTCH,RSV
LTCH,Unknown
LTCH,Influenza
Retirement Home,Influenza
Chronic Care,Influenza
LTCH,Influenza
LTCH,Influenza
LTCH,Influenza
LTCH,Influenza
LTCH,RSV
LTCH,Influenza
LTCH,RSV
LTCH,Influenza
LTCH,Influenza
LTCH,RSV
Chronic Care,Unknown
Chronic Care,Influenza
LTCH,Influenza
LTCH,Unknown
LTCH,Rhinovirus
LTCH,RSV
LTCH,Influenza
LTCH,Influenza
Retirement Home,Unknown
Retirement Home,Unknown
Retirement Home,Influenza
LTCH,Rhinovirus
LTCH,Unknown
LTCH,Influenza
LTCH,RSV
Chronic Care,Unknown
LTCH,Unknown
LTCH,Unknown
LTCH,Influenza
Acute Care,Influenza
LTCH,RSV
Psychiatric,Influenza
Retirement Home,Unknown
LTCH,RSV
LTCH,RSV
LTCH,Unknown
LTCH,RSV
LTCH,RSV
LTCH,Unknown
Retirement Home,Influenza
Chronic Care,Influenza
Chronic Care,Influenza
Chronic Care,Influenza
LTCH,Influenza
Retirement Home,RSV
LTCH,RSV
Chronic Care,RSV
LTCH,Metapneumovirus
Acute Care,Unknown
LTCH,Influenza
Retirement Home,Influenza
LTCH,Influenza
Acute Care,RSV
LTCH,Influenza
LTCH,Influenza
LTCH,RSV
LTCH,RSV
Retirement Home,Influenza
LTCH,RSV
LTCH,Influenza
LTCH,Influenza
Retirement Home,Influenza
Chronic Care,RSV
Acute Care,Influenza
LTCH,Influenza
LTCH,Influenza
LTCH,Unknown
LTCH,Influenza
LTCH,RSV
LTCH,Influenza
LTCH,Rhinovirus
Chronic Care,Influenza
LTCH,Influenza
LTCH,RSV
Acute Care,Influenza
Retirement Home,Influenza
LTCH,RSV
LTCH,Influenza
Acute Care,Influenza
LTCH,Unknown
Acute Care,Influenza
LTCH,Influenza
LTCH,Influenza
LTCH,RSV
LTCH,Unknown
LTCH,Unknown
Psychiatric,Unknown
LTCH,Influenza
Retirement Home,Unknown
LTCH,Influenza
LTCH,Influenza
LTCH,Influenza
LTCH,Influenza
LTCH,RSV
LTCH,RSV
LTCH,Unknown
LTCH,Influenza
Acute Care,RSV
LTCH,Unknown
LTCH,Unknown
Chronic Care,Unknown
LTCH,RSV
LTCH,Unknown
Acute Care,Influenza
LTCH,Unknown
LTCH,Influenza
LTCH,Unknown
Chronic Care,Influenza
Acute Care,Unknown
LTCH,Unknown
LTCH,RSV
Acute Care,Influenza
Retirement Home,RSV
LTCH,Unknown
Acute Care,Influenza
Acute Care,Influenza
Acute Care,Unknown
LTCH,Unknown
Chronic Care,Rhinovirus
Chronic Care,Influenza
Retirement Home,Unknown
Acute Care,CPE
Acute Care,Influenza
LTCH,Unknown
LTCH,Unknown
Acute Care,Clostridium difficile
Retirement Home,Influenza
LTCH,RSV
LTCH,Unknown
LTCH,Unknown
LTCH,Metapneumovirus
LTCH,Unknown
LTCH,Unknown
Chronic Care,Unknown
Chronic Care,Influenza
LTCH,Unknown
LTCH,Influenza
LTCH,Unknown
LTCH,Unknown
Retirement Home,Influenza
Retirement Home,Unknown
LTCH,RSV
LTCH,Unknown
Retirement Home,Unknown
Retirement Home,Unknown
Acute Care,CPE
Chronic Care,Rhinovirus
LTCH,Unknown
LTCH,Unknown
LTCH,Unknown
Retirement Home,Unknown
LTCH,Influenza
LTCH,Unknown
LTCH,Unknown
Acute Care,Unknown
LTCH,Unknown
Retirement Home,Unknown
LTCH,Influenza
LTCH,Unknown
LTCH,Coronavirus
Retirement Home,Unknown
LTCH,Unknown
LTCH,Unknown
LTCH,Unknown
LTCH,Unknown
LTCH,Unknown
LTCH,Unknown
LTCH,Unknown
LTCH,Unknown
LTCH,Influenza
LTCH,Unknown
LTCH,Unknown
LTCH,Unknown
LTCH,Unknown
LTCH,Unknown
Psychiatric,Unknown
Retirement Home,Unknown
LTCH,Unknown
LTCH,Unknown
Chronic Care,Rhinovirus
LTCH,Unknown
Acute Care,Rhinovirus
LTCH,Unknown
Acute Care,CPE
LTCH,Unknown
LTCH,Unknown
LTCH,Influenza
LTCH,Unknown
LTCH,Unknown
LTCH,Unknown
LTCH,Unknown
LTCH,Unknown
LTCH,Rhinovirus
LTCH,Unknown
LTCH,Unknown
Psychiatric,Unknown
LTCH,Unknown
LTCH,Unknown
LTCH,Unknown
LTCH,Rhinovirus
LTCH,Unknown
LTCH,Influenza
LTCH,Unknown
LTCH,Unknown
Chronic Care,Rhinovirus
LTCH,Rhinovirus
LTCH,Influenza
LTCH,Influenza
LTCH,Influenza
LTCH,Unknown
LTCH,Influenza
LTCH,Unknown
Acute Care,Unknown
LTCH,Unknown
LTCH,Unknown
LTCH,Unknown
Chronic Care,RSV
LTCH,Unknown
Retirement Home,Influenza
LTCH,Unknown
LTCH,Metapneumovirus
Retirement Home,Influenza
LTCH,Unknown
LTCH,Influenza
LTCH,Influenza
LTCH,Metapneumovirus
LTCH,Metapneumovirus
LTCH,Influenza
Retirement Home,Unknown
Acute Care,Unknown
LTCH,Influenza
LTCH,Metapneumovirus
LTCH,Unknown
LTCH,Unknown
Retirement Home,Unknown
LTCH,Coronavirus
Chronic Care,Influenza
LTCH,Influenza
LTCH,Unknown
Retirement Home,Influenza
LTCH,Influenza
LTCH,Metapneumovirus
LTCH,Influenza
LTCH,Metapneumovirus
LTCH,Influenza
LTCH,Unknown
LTCH,Unknown
LTCH,Influenza
LTCH,Influenza
Retirement Home,Influenza
Retirement Home,Unknown
Retirement Home,Influenza
LTCH,Influenza
LTCH,Influenza
Chronic Care,Influenza
LTCH,Influenza
LTCH,Unknown
Chronic Care,Influenza
Retirement Home,Unknown
LTCH,Unknown
LTCH,Influenza
Retirement Home,Metapneumovirus
LTCH,Influenza
Chronic Care,Influenza
Chronic Care,Influenza
Chronic Care,Unknown
Retirement Home,Influenza
LTCH,Unknown
LTCH,Influenza
LTCH,Influenza
LTCH,Metapneumovirus
LTCH,Unknown
Acute Care,Influenza
LTCH,Influenza
Retirement Home,Influenza
Chronic Care,Metapneumovirus
Retirement Home,Influenza
LTCH,Unknown
Acute Care,Unknown
LTCH,Unknown
LTCH,Influenza
Retirement Home,Unknown
LTCH,Influenza
Acute Care,Influenza
Chronic Care,Influenza
Retirement Home,Influenza
Retirement Home,Unknown
Psychiatric,Unknown
Acute Care,Influenza
LTCH,Influenza
LTCH,Unknown
LTCH,Influenza
Chronic Care,Influenza
LTCH,Influenza
LTCH,Influenza
Chronic Care,Unknown
LTCH,Unknown
Chronic Care,Influenza
Acute Care,Unknown
LTCH,Unknown
LTCH,Influenza
LTCH,Influenza
Retirement Home,Unknown
LTCH,Influenza
Acute Care,RSV
LTCH,Influenza
Retirement Home,Unknown
LTCH,Influenza
LTCH,Influenza
Retirement Home,Influenza
Acute Care,Influenza
LTCH,Influenza
LTCH,Influenza
LTCH,Influenza
LTCH,Influenza
Retirement Home,Influenza
Psychiatric,Influenza
Acute Care,Clostridium difficile
LTCH,Influenza
Acute Care,Unknown
LTCH,Metapneumovirus
Retirement Home,Influenza
Homeless Shelter,Streptococcus
Retirement Home,Influenza
Acute Care,Influenza
LTCH,Influenza
LTCH,Influenza
Acute Care,Influenza
LTCH,Influenza
LTCH,Unknown
LTCH,Influenza
Retirement Home,Influenza
LTCH,Influenza
LTCH,Influenza
LTCH,Influenza
LTCH,Influenza
Chronic Care,Influenza
Retirement Home,Unknown
Retirement Home,Influenza
LTCH,Unknown
LTCH,Unknown
LTCH,Influenza
Acute Care,Influenza
Retirement Home,Influenza
Acute Care,Unknown
LTCH,Influenza
LTCH,Influenza
Chronic Care,Unknown
LTCH,Influenza
Chronic Care,Unknown
LTCH,Influenza
LTCH,Influenza
Chronic Care,Influenza
Psychiatric,Unknown
Retirement Home,Unknown
Retirement Home,Unknown
LTCH,Unknown
LTCH,Influenza
LTCH,Influenza
Acute Care,Influenza
Chronic Care,Unknown
LTCH,Influenza
Acute Care,Influenza
Acute Care,Influenza
LTCH,Influenza
Acute Care,Influenza
LTCH,Influenza
LTCH,Influenza
Acute Care,Unknown
Acute Care,Unknown
LTCH,Influenza
Retirement Home,Unknown
Retirement Home,Influenza
Acute Care,Unknown
LTCH,Influenza
Chronic Care,Influenza
Chronic Care,Influenza
LTCH,Influenza
Psychiatric,Influenza
LTCH,Influenza
LTCH,Influenza
LTCH,Influenza
Retirement Home,Influenza
Retirement Home,Influenza
Acute Care,Unknown
Chronic Care,Influenza
LTCH,Influenza
LTCH,Influenza
LTCH,Influenza
Chronic Care,Influenza
Chronic Care,Influenza
Acute Care,Influenza
Retirement Home,Unknown
LTCH,Clostridium difficile
LTCH,Influenza
LTCH,Unknown
LTCH,Influenza
Retirement Home,Influenza
Chronic Care,Coronavirus
Retirement Home,Influenza
LTCH,Influenza
Retirement Home,Influenza
LTCH,Influenza
LTCH,Influenza
LTCH,Influenza
LTCH,Influenza
LTCH,Influenza
Acute Care,Influenza
Acute Care,Influenza
Chronic Care,Influenza
LTCH,Influenza
LTCH,Unknown
LTCH,Influenza
LTCH,Influenza
Chronic Care,Influenza
Chronic Care,Influenza
LTCH,Influenza
LTCH,Influenza
LTCH,Influenza
LTCH,Influenza
Retirement Home,Unknown
Chronic Care,Influenza
Acute Care,Unknown
LTCH,Influenza
LTCH,Unknown
Retirement Home,Unknown
LTCH,Unknown
Acute Care,Influenza
Retirement Home,Influenza
Acute Care,Influenza
Retirement Home,Unknown
LTCH,Unknown
LTCH,Unknown
LTCH,Unknown
LTCH,Influenza
LTCH,Influenza
LTCH,Unknown
LTCH,Influenza
LTCH,RSV
LTCH,Influenza
LTCH,Unknown
LTCH,Influenza
LTCH,Influenza
LTCH,Influenza
Retirement Home,Influenza
Chronic Care,Influenza
Retirement Home,Influenza
Chronic Care,Influenza
LTCH,Unknown
Homeless Shelter,Influenza
Psychiatric,Influenza
LTCH,Influenza
LTCH,Unknown
LTCH,Unknown
Retirement Home,Influenza
Retirement Home,Influenza
Retirement Home,Influenza
LTCH,Influenza
LTCH,Influenza
Psychiatric,Influenza
LTCH,Influenza
LTCH,Influenza
Retirement Home,Unknown
Chronic Care,Influenza
Retirement Home,Unknown
LTCH,Unknown
Chronic Care,Influenza
LTCH,Influenza
LTCH,Influenza
LTCH,Influenza
Retirement Home,Influenza
Chronic Care,Influenza
LTCH,Unknown
LTCH,Influenza
LTCH,Influenza
LTCH,Influenza
LTCH,Unknown
LTCH,Influenza
LTCH,Influenza
LTCH,Unknown
Acute Care,Influenza
LTCH,Influenza
LTCH,Unknown
LTCH,Influenza
Chronic Care,Influenza
LTCH,Influenza
LTCH,Metapneumovirus
Retirement Home,Influenza
Retirement Home,Unknown
Acute Care,Influenza
LTCH,Influenza
Chronic Care,Influenza
LTCH,RSV
Acute Care,Unknown
Retirement Home,Unknown
LTCH,Influenza
LTCH,Influenza
LTCH,Influenza
LTCH,Influenza
Retirement Home,Unknown
LTCH,Influenza
LTCH,Influenza
LTCH,Influenza
LTCH,Influenza
Retirement Home,Influenza
Retirement Home,Unknown
Retirement Home,Unknown
Retirement Home,Influenza
LTCH,Influenza
LTCH,Unknown
Chronic Care,Influenza
LTCH,Unknown
Retirement Home,Unknown
Retirement Home,Influenza
LTCH,Influenza
LTCH,Unknown
LTCH,Influenza
Retirement Home,Influenza
LTCH,Influenza
Acute Care,Influenza
LTCH,Influenza
Retirement Home,Influenza
LTCH,Influenza
LTCH,Influenza
LTCH,RSV
Chronic Care,Unknown
LTCH,Unknown
Acute Care,Unknown
LTCH,Influenza
LTCH,Influenza
LTCH,Unknown
LTCH,Unknown
LTCH,Unknown
Retirement Home,Unknown
LTCH,Unknown
LTCH,Unknown
LTCH,Unknown
LTCH,Unknown
Retirement Home,Influenza
Acute Care,Influenza
Chronic Care,Influenza
Acute Care,Influenza
Psychiatric,Influenza
Retirement Home,Influenza
LTCH,Influenza
LTCH,Unknown
LTCH,Unknown
LTCH,Influenza
Retirement Home,Unknown
Acute Care,Influenza
LTCH,RSV
Psychiatric,Unknown
Chronic Care,Influenza
Acute Care,Clostridium difficile
LTCH,Unknown
Retirement Home,Influenza
LTCH,Unknown
Chronic Care,Unknown
LTCH,Influenza
Retirement Home,Unknown
LTCH,Influenza
LTCH,RSV
LTCH,Unknown
Acute Care,Influenza
LTCH,Influenza
Acute Care,Influenza
LTCH,Unknown
LTCH,Unknown
Retirement Home,Unknown
LTCH,Rhinovirus
LTCH,Rhinovirus
LTCH,Influenza
Psychiatric,Unknown
Acute Care,Unknown
Psychiatric,Unknown
Retirement Home,Unknown
LTCH,Unknown
LTCH,Unknown
Acute Care,Coronavirus
LTCH,Influenza
Chronic Care,RSV
Retirement Home,Influenza
LTCH,RSV
LTCH,Influenza
LTCH,Rhinovirus
LTCH,Rhinovirus
Retirement Home,Unknown
Acute Care,Influenza
Retirement Home,Unknown
LTCH,Rhinovirus
LTCH,Influenza
Retirement Home,Unknown
Chronic Care,Unknown
LTCH,Unknown
LTCH,Rhinovirus
LTCH,Influenza
Retirement Home,Influenza
LTCH,Rhinovirus
LTCH,RSV
LTCH,Unknown
Acute Care,Rhinovirus
LTCH,Influenza
LTCH,Unknown
LTCH,Influenza
LTCH,Unknown
Retirement Home,Unknown
LTCH,Unknown
LTCH,Unknown
LTCH,Unknown
LTCH,Unknown
Chronic Care,Unknown
LTCH,Rhinovirus
LTCH,Unknown
Psychiatric,Unknown
LTCH,Unknown
LTCH,Influenza
LTCH,Rhinovirus
LTCH,Rhinovirus
LTCH,Rhinovirus
LTCH,Unknown
LTCH,Rhinovirus
LTCH,Rhinovirus
LTCH,Rhinovirus
LTCH,Rhinovirus
Retirement Home,Rhinovirus
LTCH,Unknown
Acute Care,Rhinovirus
LTCH,Rhinovirus
LTCH,Rhinovirus
LTCH,Rhinovirus
LTCH,Unknown
LTCH,Influenza
LTCH,Rhinovirus
LTCH,Rhinovirus
Acute Care,Rhinovirus
LTCH,Rhinovirus
LTCH,Rhinovirus
LTCH,Unknown
LTCH,Rhinovirus
Retirement Home,Rhinovirus
LTCH,Rhinovirus
LTCH,Rhinovirus
LTCH,Rhinovirus
LTCH,Rhinovirus
LTCH,Influenza
Chronic Care,Unknown
LTCH,Adenovirus
LTCH,Rhinovirus
LTCH,Unknown
LTCH,Influenza
Chronic Care,Unknown
LTCH,Rhinovirus
LTCH,Rhinovirus
LTCH,Unknown
Retirement Home,Rhinovirus
LTCH,Rhinovirus
Retirement Home,Rhinovirus
LTCH,Unknown
LTCH,Unknown
LTCH,Rhinovirus
LTCH,Rhinovirus
LTCH,Rhinovirus
Retirement Home,Unknown
LTCH,Rhinovirus
LTCH,Influenza
Acute Care,Clostridium difficile
LTCH,Rhinovirus
LTCH,Influenza
Acute Care,Rhinovirus
LTCH,Influenza
LTCH,Rhinovirus
LTCH,Rhinovirus
LTCH,Unknown
LTCH,Rhinovirus
LTCH,Influenza
LTCH,Rhinovirus
LTCH,Influenza
Acute Care,Rhinovirus
LTCH,Influenza
LTCH,Metapneumovirus
Retirement Home,Unknown
LTCH,Unknown
LTCH,Influenza
LTCH,Rhinovirus
LTCH,Coronavirus
Retirement Home,Influenza
LTCH,Influenza
LTCH,Rhinovirus
LTCH,Influenza
LTCH,Influenza
LTCH,Coronavirus
Retirement Home,Influenza
LTCH,Rhinovirus
LTCH,Influenza
LTCH,Influenza
Retirement Home,Influenza
Retirement Home,Influenza
Retirement Home,Metapneumovirus
LTCH,Influenza
LTCH,Influenza
Chronic Care,Influenza
Acute Care,RSV
LTCH,Metapneumovirus
Retirement Home,Influenza
LTCH,RSV
Chronic Care,Rhinovirus
Retirement Home,Influenza
LTCH,Rhinovirus
LTCH,Coronavirus
LTCH,Influenza
LTCH,Rhinovirus
LTCH,Coronavirus
LTCH,Unknown
Retirement Home,Metapneumovirus
LTCH,Metapneumovirus
Acute Care,Metapneumovirus
LTCH,Influenza
LTCH,Influenza
LTCH,Influenza
LTCH,Coronavirus
LTCH,Unknown
LTCH,Influenza
LTCH,Coronavirus
LTCH,Influenza
LTCH,Influenza
LTCH,Influenza
LTCH,Coronavirus
LTCH,RSV
LTCH,Influenza
LTCH,Unknown
Acute Care,Influenza
Chronic Care,Unknown
Retirement Home,RSV
LTCH,Influenza
LTCH,Unknown
Chronic Care,RSV
Acute Care,RSV
LTCH,Influenza
LTCH,Influenza
Acute Care,Influenza
Chronic Care,Influenza
LTCH,Influenza
Retirement Home,Metapneumovirus
Retirement Home,Unknown
Psychiatric,Unknown
LTCH,Unknown
LTCH,Unknown
Retirement Home,Unknown
Retirement Home,Influenza
Chronic Care,RSV
LTCH,Coronavirus
LTCH,Influenza
LTCH,Influenza
Retirement Home,Unknown
Retirement Home,Unknown
Retirement Home,Influenza
LTCH,Unknown
LTCH,Influenza
Chronic Care,Influenza
Chronic Care,Unknown
Retirement Home,Coronavirus
Retirement Home,Coronavirus
LTCH,RSV
LTCH,Metapneumovirus
LTCH,Influenza
Chronic Care,Influenza
Retirement Home,Unknown
LTCH,Influenza
LTCH,Coronavirus
LTCH,Coronavirus
Retirement Home,Influenza
LTCH,Influenza
LTCH,Unknown
LTCH,RSV
LTCH,Influenza
Retirement Home,RSV
Retirement Home,Influenza
Retirement Home,Unknown
LTCH,Influenza
Retirement Home,Influenza
LTCH,Influenza
LTCH,RSV
LTCH,Influenza
LTCH,Influenza
LTCH,Influenza
Retirement Home,Unknown
Acute Care,Influenza
Chronic Care,Influenza
LTCH,Influenza
LTCH,Influenza
Retirement Home,Influenza
LTCH,Unknown
Retirement Home,Unknown
LTCH,Unknown
LTCH,Influenza
Retirement Home,Unknown
LTCH,Influenza
Retirement Home,Coronavirus
LTCH,Influenza
Acute Care,Influenza
LTCH,Unknown
LTCH,RSV
Acute Care,Influenza
LTCH,Coronavirus
Acute Care,Influenza
LTCH,Influenza
LTCH,Influenza
LTCH,RSV
Retirement Home,Influenza
LTCH,Influenza
Acute Care,RSV
Acute Care,Influenza
Retirement Home,Unknown
Chronic Care,RSV
LTCH,Influenza
LTCH,RSV
LTCH,Unknown
Retirement Home,Unknown
LTCH,Influenza
LTCH,Influenza
LTCH,Unknown
LTCH,Influenza
LTCH,Influenza
Chronic Care,Influenza
Acute Care,Influenza
LTCH,Influenza
LTCH,Influenza
LTCH,Influenza
Acute Care,Influenza
LTCH,Influenza
LTCH,Influenza
Acute Care,Influenza
Retirement Home,Coronavirus
LTCH,Influenza
Acute Care,Influenza
LTCH,Influenza
Acute Care,Influenza
Retirement Home,Influenza
LTCH,RSV
LTCH,Influenza
LTCH,Influenza
LTCH,Unknown
Acute Care,Metapneumovirus
Chronic Care,Influenza
LTCH,Influenza
Chronic Care,Unknown
Retirement Home,Influenza
LTCH,Influenza
Retirement Home,Unknown
LTCH,RSV
Retirement Home,Coronavirus
Retirement Home,Unknown
Retirement Home,Influenza
LTCH,Influenza
LTCH,Unknown
Retirement Home,Influenza
Retirement Home,Influenza
LTCH,RSV
Retirement Home,Influenza
LTCH,RSV
Retirement Home,Influenza
LTCH,Unknown
Acute Care,Influenza
LTCH,Influenza
Chronic Care,Influenza
Chronic Care,Influenza
Chronic Care,RSV
LTCH,Influenza
LTCH,Coronavirus
Retirement Home,Influenza
Retirement Home,Influenza
Acute Care,Influenza
Retirement Home,Influenza
Retirement Home,Influenza
LTCH,Influenza
Chronic Care,Influenza
Chronic Care,Influenza
LTCH,Influenza
Retirement Home,Coronavirus
LTCH,RSV
LTCH,Unknown
LTCH,Unknown
Retirement Home,Influenza
Chronic Care,Unknown
Acute Care,Influenza
Retirement Home,RSV
LTCH,Unknown
LTCH,Unknown
LTCH,Influenza
LTCH,Influenza
Chronic Care,Influenza
LTCH,RSV
LTCH,Influenza
Acute Care,Influenza
Retirement Home,Influenza
LTCH,Influenza
LTCH,Unknown
Acute Care,Influenza
LTCH,Unknown
LTCH,RSV
LTCH,Influenza
LTCH,Unknown
Acute Care,Influenza
Retirement Home,Unknown
Chronic Care,Influenza
LTCH,Influenza
Chronic Care,Influenza
